Address,Balance,Points
0x5f364fea6c5f74f82f1d35e940610915ec11690f,224,7
0x022a8e499a69fd4b64464419a32b7348ef21afc2,210,7
0xb78ca444461e2ede1f247eb7fd68b3a731ff46ad,206,7
0x8985e97ddd1d954c2a545aa24e33ee339bd53ecb,192,7
0x59a6d82c97b3bff6b46adf32fcc276054bd4bfd5,192,7
0x905cb1ffce7272f5b72dd0b1aeb7a62f19da28b5,185,7
0xd15663eb9f22580dcbcecaa4465affde18dd2bbf,184,7
0x2dc9ca4562dcb6ed5887b82707dc20031ce8da21,182,7
0x74b4a594a0899a43e07846e807b627492ad7879b,180,7
0xeb7bae84bb24e8872b43c932b4adb0f2433daa0c,180,7
0x4e02e1142cf45a35a10a2ff6dbdef32ece91ffc7,179,7
0xfd206cf13cf4b8d67695a7fcd8c344aba5f2da57,178,7
0xb2942e7b20d082f7dfab98bdb02237ec182fb693,176,7
0x5fc95c292d0d01db7db7e0d05e5dddf085eed908,176,7
0xf7bf31bdd15e8bbf11ca11f4741ea16455fc335c,176,7
0x585e8a4f25710f8565a1403e60fcb56e9bd40d84,175,7
0x398ff7f98ead6052b089f32ea18e519103cb1b05,175,7
0xb3e8a04befbcf4b10a5b65f2e8411e47ad071b8d,171,7
0xa2ddbbbe9c49fe0169c35f1060d9be51016ab3ee,171,7
0x11b05f4fd66cdcd83ad21ab4f793654603c4cffa,170,7
0xb2644fad778bf8d25678d5be4bdad57177820253,170,7
0x30c1c7dac38cfb7ec6229d4f8ae54475c3dc966a,168,7
0xdafc31626cff316d5ef865ba3e9a130dd28f896d,168,7
0xf34933288f12c899b7d478c681a9594942e7d316,168,7
0x2c71b71a2b53024173a3a5fe2d547fd380183412,167,7
0x398e8d0be187fc0fac656450d120ad2ce662d67a,167,7
0x7b92910ed87825c01643e06037579aad05a655b1,167,7
0x993aa8f7f99a1c13508860d1af9aecc83a26ad95,166,7
0xc38a162879df2c7253a24369d867748dc41b2e85,166,7
0x92e1f19ff72047001a41d8953f3a4ad4dc93fc0e,165,7
0xbee299b89b54f76374629f8bdd866ba3495bc585,165,7
0xd765a5646d61cfb76a32c7c5fafa9e6a69eff389,163,7
0x1418ef7fd98d435ec5bfb91897d5fab1c651b81b,162,7
0xaac52a26840457e3ace1914cb0ada3953833b109,158,7
0xab95064121fbcc0254dfaa2b862c9b3fcef3677d,157,7
0x06b53f51bd8e8c9fb9f3d018431dd37026866f69,156,7
0x1e4e910d10e3b64209375cf8259ae45e0cab7fe5,156,7
0x786764cbe6989fc2b6faa4b0e6646df37d85d133,156,7
0xde640662166ee81441c18d3eaf93a3de9ec06501,156,7
0xeb0b1d6786a95994c64cbbfc3c2bc4df1e40f411,156,7
0x53c70f5e15ef0a3ebf0ae8aacbeeeaecece458be,155,7
0x47c134cd69c20121a665e189ac4abfcf0b0bb3d7,154,7
0x242a9b9fa2969a9b5679859e693412d9d46c75d3,154,7
0x83863ced1aa4496df8dcb64e809b17158747e6a5,154,7
0x1c9e2e9d57684384c9df0e37ab377f0b79e703a8,153,7
0x70f110a9240062e06bb18ab7baa56e80cf9ad0cf,153,7
0xe18e1cc101598024d5a2d44c0f5ba8679d455efd,152,7
0x80930fd89a1dae9048932681bb1b7f85f2af0797,151,7
0x31bb7e81b7089a5b1080fd946c14eeeab56bd9c7,149,7
0x4cc25f7ca599c465124946de2de654ddcdbca25b,149,7
0xc81b8c778763ec68f29036f8b474eb59705c2992,148,7
0x87ff6e0fdeea867b3eee9708403144c182cf4955,148,7
0x9a6b67ce6c374ffeb3b455c5a3320a2564178f7e,147,7
0x652525da0d7ca1a1d059f8e96e26c9bbf12fd1d8,146,7
0x9e69a178a054dc1296933b2239f8a83e1e1f6dc2,146,7
0x5f2850b1b1a28aa0da9d5c0d50229d5a957b1138,145,7
0xc58c20e033e2cee1ce43d67fe92f1a876a5b518c,145,7
0xd74e958e19137ebc04032b6c449fa6a9f8699646,145,7
0x05280642925b4d89370ec7302f2896b1b02f6342,144,7
0x3468c13db302203be60eb65a72c41bea7558e818,143,7
0x44dbb8a442bd5fd1601b87869af37435bebe3b0f,143,7
0x46059c05b7e1e64afba7b0296d641320b4ae7679,142,7
0x5a04653bd0479850b9c85f1f9504e32693328f97,142,7
0x6e1bf24a58eaa120137b1cdc8039a5d4c1520780,142,7
0x8c39db6e5ed585034393f2f6fa024d0b37e98fbb,142,7
0x0c8eb1ff937a9c95c28e4cd1be5461efd4d28473,141,7
0xd255e1b1dc1d83ab64be8e95c5f4ab69a89108c1,141,7
0xa5274793666bfeaa84b592fce0fa8bbf87c0951a,141,7
0xc7c698b9a03dd68dfeda263885bfebfb76a3058d,140,7
0x3567111ffe2c63e9eb8b66886dc5b4910833ec36,140,7
0xd2a10a2cb3883b75cf3f6787c9147495f00e0c97,138,7
0xba4653d14f6920b7ca9d840181335f3b9c08f99d,137,7
0x2f7a6f532b954ad218db3c009bdddcf111c11d1d,136,7
0x99da206f3a4de27e82e4fd046c845b1821a350e1,136,7
0x09bd772892cbc93e5f3287cc579d4bd00ed9ac1b,136,7
0x31815cee590a99537f64dfd8a359dd34b7113f37,134,7
0x35a7d2289aeaa802aaecf2cf4cf40233fe008bb8,133,7
0x97d20769b6499994a34b9e9d5f323aa4b3379fc4,133,7
0x5bdadb12cc54e67dee525540efdd182bc2c48784,131,7
0xc919b2b63faed57f1b666e63ff39dbf2700790f9,131,7
0xf2dc587fa0ab9aa8d1524c906e2f872ea93cf662,131,7
0xe2f3f5eb20ca0124cd937fdb9a4acd31929ec845,130,7
0x98cfd8d587e10614cdd21fd43555efea511b428a,130,7
0x4418c6a46133199dccf801df997a4abe5a395470,129,7
0xbf287e3ee565f02a0fe44767cc72d3a84a64f6bf,129,7
0x5707e23936502bc710ea5598b9e3b4ebd3f19bf3,128,7
0x592a6f6d7c5f6475cbeb107442256d62784508a2,128,7
0xc6c1a711b67338fe508349c466c3b77198d7e53f,128,7
0x148696363de8062aa9d11521bc9e7c35cdf9e31e,127,7
0x9a5753d3ecad7da75a62357d93eb6c5f20bfd307,127,7
0x80efd722c184412302cad03879a4ced28ecc0767,127,7
0xe523e7f37becf440625d5fdfc22bf7df919de414,127,7
0x3c5a5e072826c6ced2a4787f13fe99d71a951011,126,7
0xafda4dcd06b3c8c1fccfdf77c0a6e1140e40e0ac,126,7
0xccf3f9bd63519d90dcfec954ea531551378d7539,126,7
0x335d6f830299680a830d5c110a146411e4be4f13,125,7
0x18beb3b53823bdde48b9eb653e4dac170c076a6f,125,7
0x2c8f2de3aecd88e4b9dda76ead00a355dd3d6aed,125,7
0xc76028155f8a737852ba8081cd25e798051c9168,125,7
0x27edca6757c9b71d1a8e808015f70311f4c38e56,125,7
0x0e7cc9a906bd333e8d349f8f903a68fb5b46c2bc,124,7
0x3cd93e7b1cca30c1023733330533637f9217bff7,124,6
0x5868abd432399997c94f57edb76f6107df009c22,123,6
0xa9c663aedbb01c78b19c36fc950364864c3ee848,123,6
0x5095176e904ff03836f27d0565346ab87646b199,123,6
0xa77d2df974e7460ff47a8c9f4f94dea6ac2b04bd,123,6
0xbc77db8a87c8a109fbac27b28570940d0ab70d16,123,6
0xa86775fac652e24999303ec860f3dfccb62a1183,121,6
0xac47a9176ceaede211dac0eaa5a2301124c21479,121,6
0xbfc6d39cc22e79987494c97556cef7e8c858aced,121,6
0x8e3f73b925c9f8d43cfcee0e495468343e59aa39,121,6
0xd4af55baf60fb75965c526ada47d32548180d46f,121,6
0xddf56b6f1dc4813bdd1c092cd194c117ba484183,121,6
0xe4ab80a92af94b10f4a3abb5ae1df82a183e6a51,121,6
0xeebf9b11081022d5638de62a5c8e4beb7f6ea117,121,6
0x4e4afea843ba442d82d0e1edba08589e7bb29f47,120,6
0x3c23139619945a26dabf97cadd31db44ca76877c,120,6
0x43a2fb52f886c68e9504b8de73225adea8140c5a,120,6
0xb4dbc77858fea2f40e20f4e3b1e81bd006238aa8,120,6
0x9d3a555cf6a6749c8f3d87631b28a11c610730f0,119,6
0xad5d4fd488e5bfa17789aa38c77e49fa06486202,119,6
0x4be495cfae3ef625648c5fb750067284957cba81,119,6
0x4e8d6ea491c6ea60d1a5dd124a5b3e621b679184,119,6
0xe10bbce30156861c8b0730801a8d9cffebca8cae,119,6
0x266aedf753732bdf2c253558967691ad33393bf3,118,6
0x2a3c687319ab5815f876f533db8fc8d35d0fe6c7,118,6
0x8050e5f6272587404ddd03508acf4b6f7c2ac451,118,6
0xe5699b9290d3ead0a6c1998729d5c5c4265e42dc,118,6
0x37ea6ebd74063a8ed1dc33893f1e815a00703730,118,6
0x4430d09cf230daa8ce26d976cb994e05fd87c8ef,118,6
0x8acec296554727f1a229c5186969a6348c0cd0a9,117,6
0xd9c3fa1a55c3ea69c547503ccb7cd7d63cd5c5eb,117,6
0xf2010a4cfbb011da21f27605b5ca7b09813163a9,117,6
0x4f8d4428aad8e9d318ddb707145db1369ca3698b,117,6
0x950de08444e6b37973544098b4512ea89d44a982,117,6
0xe58ac8c77d3a52a16556dbc148d2353a3e81e8f0,116,6
0x158ddc0b79d40a11e0ebd9d8921095addc64735e,116,6
0xb82eb4a4511071dcfbc67230d6d58bef01ac7759,116,6
0xfd9d0be49b7c2a4d3b9c1ac482da9e07da023ddc,116,6
0xf8948748e6b180cb89199b4a096664ca87f8eaac,115,6
0x1ff4d35b706a0156c5756ce457d314c9178f5794,115,6
0x56e1783c561eac511b629ab4983406fd0fe501e0,115,6
0xc2d7c9e060c04ff1f7ac455b26c841bae7112c21,115,6
0xd0530b96c6014cce89adb91281e09988a093d881,115,6
0x600c72c12e9183ce40ebc609b069097056758fd0,114,6
0x560fb8da18f805c5b61e8d6135b56a5a98dca88a,114,6
0xa418f198cc9aac9a992f3ee318f018d454b74668,114,6
0xf0773ffb092ae35493c3dbd6dff6aa39bc5790ef,114,6
0x06a97e901b5f56a0935145c0ace780716e0d2519,114,6
0xdf332f1ac742aba260f6de4fe75efd755040f194,114,6
0x8350aef3093737b12c70c7b442fba1b8725192f3,113,6
0xa31884f5e09132b945469d3259e06ea83cc76902,113,6
0xabe89a9f88934ec10aac0c99f02f89dc84c53ccc,113,6
0xc761036e8914426725a6912e7d37e09ba4a59ca9,113,6
0x45b0653e86b58b388aa78b77030f83e34f0a9b52,113,6
0x57d4c7a6939d7472e0f8bc4791cea9b1dd864b32,112,6
0x8839f19269a19f19044639c67f79c8517ae8ed45,112,6
0xd131a986988d1e185c912528d0683bde5a54fc9e,112,6
0xe743dff1e4f1463c6aa7797d72f22626d20fd2fa,112,6
0x4173c1310bf3ba527160c6c97f247a1431190d9d,112,6
0x62c0957e7fc58ac08f4257332799be6f52a3a38d,111,6
0x90ff178d2c4af94ee4f6e6ae691fbb30a4388ce3,111,6
0xffde24120f7b9e097f6d449f6396b9c77f405f64,111,6
0x12b7a24ce3622d9aef5ebcb2fef78f5a65812ef6,111,6
0x3caec673d3efcb2397f6263eed9572e9b18ef189,111,6
0x3a2f61bed944921483a4015dc9494385b27470f8,111,6
0x48dc7e4591c17064b6033a8249f9b6eb27895dc3,111,6
0x6395a2ec8f466cdd03b887cf9cc70d6d46e57b95,111,6
0x0650ab591b582fb51438233c6c0f85d7f87e0099,110,6
0x442b79e1c99cee73a189c1097109952c1fca0200,110,6
0x1273034fdc4ec38bceefadd5608d2450b668986b,110,6
0x4565170f7f4302e380179ace1f6287337ff89197,110,6
0xc12960d4c4a1ab2b66229c5e56457a45f245037f,110,6
0x258fffc833d0b73be08fcc7a98237b24e98066cb,110,6
0x44e4bdebefd223531057b1a4b8cf4a6bf6d3c20d,110,6
0x488ddee575771b0b5b7d1ea75468ef1416d689f0,110,6
0xba2a9db5eea9aeaa512553a2f1c9b4dd8d943669,110,6
0x01785dc5156cc173a8262a21c7840aee36565574,110,6
0xfe2a0772879d684d636fe460e1807792aba342ed,109,6
0x35f54ce88c28b2c2bbaf2f5048e9df777bf460a3,109,6
0x65433cac6b8e09eb3018adb00e041981ea69dd52,109,6
0xbb9b3bdf4ea48a22404a99414544c82f10c8e9ab,109,6
0xbba5bacf2c67055b3e2168ee063cd776d9e9b864,109,6
0xbd51c146c5de9e36f582e4f300d72094197f2c02,109,6
0xdc64b10fc344f0347a8d02751c619966106feb63,109,6
0x3ac5864260010bd725396f3f9f1f48f145844be4,109,6
0x026cb5e3cf204326cece0cfd791a79f6f20e84d6,108,6
0x75d99e0493070d5ea16de291d4c28c070f14b70b,108,6
0x8a16331f201537eac00f858f36050d87719401d2,108,6
0x42d399525379eb9d07aeaad9e8ddf0184857cd9b,108,6
0x62652fa95bfc9784f56dc7a84718fa26d7d79ce6,108,6
0x230d55901f296ddd389a0bc74dca807a4cd517f9,107,6
0xe8fde3c839da5af07ff91a8e5a481557e671ff66,107,6
0xdab3e05a0601b3742b1726a44c9f91d4143103a4,107,6
0xa41ab9ac92d9653871d19c26bde438241dbeaa01,106,6
0x184e491b11f38b29bcb363aa6b202c740e078cdd,106,6
0x99681454fa72f1990792143917f8ecfcfffd5fc4,106,6
0xbcdc12597d0ebe6bd2bb56a9c575ba1ee949d114,106,6
0x5c2227e7ddf77423ef2d85ab2e88f8aeaa34c536,105,6
0x64eda4d72e6aa01f2a9286129323c99059b27d54,105,6
0x767c13239da281a48f325556027058960ea79d44,105,6
0x1d16ed046ed213e9fbb6c792d3010a5910c8b61e,105,6
0x2401bea42484af64ad00fdf7e90f6404053b6c32,105,6
0x4afe6c81f9db0664392af192660012d58d79c802,105,6
0x8e77496b3da73442b3d1f7b9d899bab31863308b,105,6
0xad1722022dc9aca37df6fe009a07c8fd7b34566b,105,6
0xc1c4aaf82be271a7f1b1b12e6b57bdab39844e1a,105,6
0xd0a8b61b83b8fde2c8ef61ea05ca7c57ea39ce4e,105,6
0xf360cccadaea71f532b432c2bfd63e71a8130d2f,105,6
0xcebf33cc0cff99f54241907b41a76054a6d71e00,105,6
0x88a1e5be5888c517006009289a3cb7f582f4576e,104,6
0xcd86b6c8395eaf6229a8d60be1bb735f37266df6,104,6
0x0ed7eec01ea4de46abe83086fb6c14a3c64cb150,104,6
0x097a8495b9406a412b8fd36fb547061bd3da9091,104,6
0x83f4aa8441a117cdb3c20761e809f4ccacce8092,104,6
0x90903873cd7b95e66b30a94ca260e42411e532cd,104,6
0x8064ece361086b0247490843d488da3d61844612,104,6
0x37d059e1f2a45a1c7b4c54c8dbba3654d5c9b515,103,6
0x60cfc02037c59c57739b1a7a752bb6bac2898977,103,6
0x8130e06dbb0e9fe6acd293c5105ec42b47b33e69,103,6
0x1c55fdda0154bfb3603509f3f467bf8cc63c7b0f,103,6
0x46cccff06a766dac0e80beb740882d1d0c6d3405,103,6
0x750ae5a8b450c7ed08e895e5c65c9ea39dc6d06f,103,6
0x3662dd735bef52bf564ab1f7380cc54b9b73db27,103,6
0x4def497d358a3201e93ba7126ee09da2838b7514,103,6
0x1d33042fe0bc06c5ff4869c446a1e036716115d2,102,6
0x0c8f6b9661c75d64f15d70922ba68a1507e87cfb,102,6
0x682c787864dfaa6497aa3b9e9b4c4a03f89d272c,102,6
0xc2ce3e9ad82753e0c2b9e617844feb97a3bc1f91,102,6
0x31cb9157d559aa57fddfde97be743c9c0a7d7953,102,6
0x3926055bfb97470f38d9f848f230f50c5b361a56,102,6
0x92e34cd7ba48134460779ca92e6e149130b17810,102,6
0x7ad743ba70d04996a47e677e271a197c2e17e3b9,101,6
0xb437d84ad301cd6e7f6e090eb31bedc096f8c256,101,6
0xc03fd6734b03a4edbf4babb8abf9193352aa779e,101,6
0x37c0486ee15ecce3c1cdcbda044e9b7fcdb35267,101,6
0xa3b77be0c3676264d077b5f77a1831bd80baea39,101,6
0xc980c1bbeacb5410fb8a6a5104b7daaa1d48a37d,101,6
0xeb091eddde4817a8a0d818ecf75e8c0f9b08e0d2,101,6
0x77ec174f3dcf415e0cf42f9092196bc4b705b796,100,6
0x4217cea29da056a0c5b8ad9af1469a6d774aa4c4,100,6
0x85218d1a247bb90850bf141bc29142d82a56b450,100,6
0xca9dca59676a1759de17752039e59b1de23b9b42,100,6
0xe24de490478a0a8a3c195cd30d2b965299c81778,100,6
0xe913caf7eea69ace8c07b681d012c64842bc6e92,100,6
0xee1cd992f8a857e213f69e36c610724b17a216a6,100,6
0x09dd1452f97c8dfd3e301b9f22995719281f2de2,100,6
0x5f64cad8019ecd1e8be1578b6d1ae4db9ba0596c,100,6
0x724febc90de7233664f15d4833fb1a0933f426b9,100,6
0x8a620ca0bc061b4aa9a4ed1f76d950ca7a390c8f,99,6
0x2145a66677a0015e87478b08c82e05c71f98191c,99,6
0x4c59222a6f6f0c4bae30eee08952e970d6b4861f,98,6
0x4c6e44b26e153a3730ceb6533015377ee3f20105,98,6
0xd2cd1eb091a4da8a5d7eb0ef8ebd861769dd9cb5,98,6
0x0e0c32d21bc3ff5da333e5e985c6943ed277d1a8,98,6
0x7f968835ed77d9976ee785e2089a956a29520463,98,6
0xa1e35361e3b323e8cf741f757e077720b93cc506,98,6
0xc32bd4b98fb643cab52384b7dad61a360ee33995,98,6
0xe33268366fbfac91abbb0cb479bc9c3e419b81a8,98,6
0x01483225e1921e0e5c4868869c09a407b283d7cd,98,6
0xd0ba11d45b70a3df0ac6dde97631e0f17841ad29,98,6
0xf6a7661d82caee3f228a58e19189a4234887514d,98,6
0xfe9f866ba7e69b5daf118285d05087aecf7f0ec7,98,6
0x536cf4ece8c5b0d607ff07f68a080a82b8234a7c,97,6
0x8404be8f4c7e9734fb64f5ac1639623ccb2d2171,97,6
0x8bb580208f95ef794c1545c469fe001667cf940e,97,6
0xf91850eb055105b9bc93a220ae405d59ca8071e7,97,6
0x27b59e2197f9fb77c4c4780b6d43ddc9a31fbc83,97,6
0x50d7e60042143292c8f1e283f38e9a1d61a75a01,97,6
0xd2db71f68cd48281fc9d76b225d05d8b113cbe0a,97,6
0xe27fffae3d248c5fcac81f4049ad8ab0325aa9ee,97,6
0xffd11f6dd4611d16638652c006cbf599a5e6c37f,96,6
0x5d8579e1b871ba2a1ab98c43420560240b47cc28,96,6
0x641e4caecc62c71178c2d04d28362131efaa7e15,96,6
0x751cfd7e438e0099514a297abe83fce9dc336273,96,6
0x87cd45539ea5840585e065a9ff9d4e3c5e4f9a01,96,6
0x88e024d00124a72733388acc3043870bc66c5b35,96,6
0x9cd90e4cd430184dfdc935be0334bd8679a8eee4,96,6
0xa4f8e7de02b1b6c2c1b294796b8e6066f7a2d6e0,96,6
0xabc5d6ded181eabb49355a349df7d8a55927ace5,96,6
0x2d2e282a5613f99dd22cc85d9225594be98bd372,96,6
0x5716762541ec40a7467f612c6e0e2aa6380c8599,96,6
0x773f20fec143e99fcab2ce97cb825346a56cccc8,96,6
0xa82eb4bb38dcb929f7e81e0b2da11cc9d063a701,96,6
0xcd8ea8dd591a332e23e680c75f89c1de65d6838d,96,6
0x9e27c82c2e3eb7f42c13e4e2df7b1f91708d39fb,96,6
0x73ac248f7b951826bffb98800e74cf1b938a75f5,95,6
0x8c218c4dec85ee807332ca0d8585f30673c67de8,95,6
0x0c2aafe8135ac6d2310699ac0ce6b348852d5784,95,6
0x4417d8248825daa6c211a9396e2edbf868a41623,95,6
0x58826661f627c0579a87d4e4386f66546462aa3b,95,6
0x6eb29a2bc3b802b3013d288523fb9277df0c72dc,95,6
0xb6cb646322fff9433fd82c957d6bb5d2a3997a72,95,6
0xc1a29140ce4e9caf1ef9c180b25177978eb102a5,95,6
0xe3410d5cd9de6adebb72b3f577b7c5c8222d9455,95,6
0x3a5d5e20c3feb33bd45b0ac1569632f4b94db9f1,95,6
0x55397e12e599be31045b422abaa49d8a57f853b6,95,6
0xb52b8a1a58c2ae753eb2e3d4b3e936a0934a2923,95,6
0xf5f9978b121331e42bd19d46c34d34c6a3d80e2c,95,6
0x15958e8390c5694c224503655639dd6cbb377d05,94,6
0x224cf66d7e960cc2a747f527b80e3542a0b08b10,94,6
0x5d2bd4a11e446367a2559b2805b1913f55b7147f,94,6
0x5df8b186cc971123454aae43616af38f2d5ede19,94,6
0x6a77f88d9fb50d6947cd193428d2558c63a792ac,94,6
0xd0636b8b7a441a7d66ed853d245a86ffee08a3a2,94,6
0xe67fc7465d44e55b5a1559ec64fa41988aa43f55,94,6
0xee515c896944f33d24d09655e6500db54cc1db0c,94,6
0x4797dfffe9ecd7c4522ece3baa52090f6a033df0,94,5
0x530bb5e257b12adca2c0598925de4a648af98301,94,5
0x650c047faec5ad191db597d81bcde6c8ac6d9342,94,5
0x74be0b5b181f5b8d31f7105a2032222935535f90,94,5
0x89d1458aae521dbdc7894698121cd80220174856,94,5
0x2aa9ada2d9c478431aad1ae0f10b8fbafc54aa50,94,5
0x4c45d496d509bd15eb9083b7b0af39a74b83e7c4,94,5
0xf694ea12f5b4ad02e9127e8e1143cf065fd4bf38,94,5
0x600724952c125754dcab40a512b13ed83a335861,94,5
0x1134fbbd8008c2e832dd02bbb7076aefbd2171a4,93,5
0x47bebec0db9549259e4b456dfeeb5b53d6ebbcb6,93,5
0x540bbe4ecdedeb3abc02db571c9f79f05932cb45,93,5
0x6fac463c625d7c7ec3e1bdaa987a44453e52e84e,93,5
0x80f0892bad033b66cd73715ed0bcb277180bd91b,93,5
0x91a7c6f5cb0df30da15d19bd60d4952e66cb51a2,93,5
0xa381905c5fc3e041df4399151366c513c1874c7b,93,5
0xc560a6dd271d51dc2927d595c9671276aae7fded,93,5
0x1610b86d26ecaf2e214d661022525ae97d60d5d0,93,5
0xac073301d0445ffe4f636a86acdc104ee9f7c873,93,5
0xbb96fd951dc694aea3ccced04d0c07cf649ecb2a,93,5
0xe4a7342869c805e169aa3840e81d21b6f1bc2716,93,5
0xa9b3ec307851415e67ad21526b9a97a6da67f98b,92,5
0x01e4b1eac8a6622c21418ca1856d6657a574d33c,92,5
0x03092e8d87a6987de42bdd5a931776a3a8a900d7,92,5
0x0b98e5c0dd33ea852df8535de197de38881e6094,92,5
0x263d91183f7103836f4519c4d0b7f3339d8d568e,92,5
0x2913146061793a4d37d60969c13eaea1da55e0dc,92,5
0x2e49f6d6d70744b5b976fcbd664f5f05f723b275,92,5
0x3fc379c61cc5a8d78f356039375c84cffdcd7189,92,5
0x4575d7fbd7cec55e9a6d79cc515212c5785d251b,92,5
0xb1363ccbcee109fb627eb3b8f39173128c874e37,92,5
0xbfd53fec084c3859ce3b2e24db0ba2137ae66452,92,5
0x019a4fcff7ebec48dd64a8d850226cb9ca0d8ccb,92,5
0x1b79afde38e9be293979700cfc4f47205d65a635,92,5
0x56a9bb1ba881c13717991edadf82e4ec0b9179eb,92,5
0xd97520658dc7d250ffc7d7417059f63714713ee6,92,5
0x0f9bbbdef5a0717879aaafdd1c5e9ca9ee5d28fa,91,5
0x5bc5fefd0c36676e77de9bcfa5ee9aa2b39c2940,91,5
0x60ca13ddea549678e87411338bb875a0848a068a,91,5
0xc28ab46e7beac7353b4e1e2a95186a9c9d7f28b9,91,5
0xf6b04df9109c3984f091c5c43034f6bdbcb23564,91,5
0x2f58bf310d12c723022d8d308819465dd0b3759f,91,5
0x64663e4c96c3658e91324695f9252d3972ce3ba4,91,5
0xccd4932b632d694e464901308c3cc806c41adc16,91,5
0xedc4d8960d714293a4e8e4ce1842911124631bbe,91,5
0xf57dc1a9f0d37651437b95fc50495702e705f473,91,5
0x794634f0e99fa8064439fbc14696838e9a7985b1,91,5
0x7c1f0c0d5758d79cb69a45241fdffe8f8b092533,91,5
0xb03ad562c65f2b4ad29f7ae6b3f482a92e607dc3,91,5
0x620c301cce31608da84ee5efb585701e8e1f6f33,90,5
0x73ed8d72fd4bdc32d1ddb0a2a4a23653aabc5d8f,90,5
0x7dfb2ce916b34ec4137e9a0fd48c4ef12f60a811,90,5
0xc755c7808a2c89e380a39a964cdb317371de5af1,90,5
0xefa18a92156bc9d2a37ea00645102941f337aded,90,5
0x087a9e7282136e928d06cd3301d30bf98564a5e8,90,5
0x1c2aecdb0049e6d7571e5d325ae25f508dc90b79,90,5
0x42786633d072e2c02fb342aa0107c94b7953b6ab,90,5
0x92e4504de417082bb887e22edfbb56a5f2c29223,90,5
0xa2b01de9a9988473337bc03cafe2c67c136aa8ce,90,5
0xd16724803660ad644db34adcf0defdfc1acc0564,90,5
0xd3d4e09db5cc13daf358967a577fcbfa8b77500a,90,5
0xe5531eabc54768a40b83489aedff260f73c5fbd1,90,5
0xec7305d9fca9877be3d0fb070bf15be6432fdabc,90,5
0x1dafa34b3d86fc19458cfd375eb2307c9ab05553,89,5
0x1e421dd871d6965e730482a7289a6604266822a1,89,5
0x3a7daebfbb2bc4c9846b3e826e091acfa0625af7,89,5
0x5a847047d3ba0e1ae8e3a06c44297e7ddaeb1d89,89,5
0x7bf0beb1ad5e45e96c3caa7f90995ae5c62a337a,89,5
0x8b82e67d4306271eb278c37434339411ef9c4157,89,5
0x8ceb4517ce4b44d74801e79570dd060e354d963a,89,5
0xb5722f406bce0b4ee5baf97e37c976aa7277de93,89,5
0xce7a4f909611ab9357cf34a305bbdad468195180,89,5
0xcf0abe86bbc9de1bf35147d373079aa9daec5b1c,89,5
0xd79a1ee9cf4cd4f04f22834e5f7f167f1d4219bb,89,5
0x0e13dbe43d2d6b53f7497e7c6653e6dde6e96498,89,5
0x8f4a105262764188a4162b37e479904ccad0950c,89,5
0x91ae6d055d2f975998c44a1343e912fafb6ef51a,89,5
0x9a92d583b92b32e4b3bfce528f8f5165137378ec,89,5
0xa225339b65db04470ce9004f5944b77a0831fe61,89,5
0xd0c8635718689bd4ee824252707359153831e9cd,89,5
0xd1c9be1ea1d04d3f89c8e99e330b1a0767fdf4d3,89,5
0xda1175d1ed852dcb70b8fb0431c5f472a4a900fa,89,5
0x08ad74e263f54b0eac679a4530789ee064b7de37,89,5
0x856b2d1dfca36065bc378313c5453eef00dafc0e,88,5
0x08370517ecec93b0f9f3d4732f5aae211e954bb8,88,5
0x58aa47b05c803d8787bdb9d1b0ff5d547d251d32,88,5
0x65385f744211b9efa454df779cb565a946738bdb,88,5
0xcae91c55c2081a66736cf5787cd1f31006613c69,88,5
0xd999ed59324330d254a23aed042ae173594d1edd,88,5
0xe8ebe46f4291987a7e56b393c3c5dd5113caf8ad,88,5
0x5710e464b2416af71f1b1c09ae7ab1fc61a2d9d6,88,5
0x60f55e8cf3fe00474682359bd6269f49633e4c38,88,5
0x73c8b92194d305cd8c7a7486ccf5b7c01c2d8d14,88,5
0xa1cf9c1b5f275873cafc598af2b1a2c9ee3adfbb,88,5
0xae917a3d6aa3a81b44700533a81f610b74feaa43,88,5
0xd84d66c337608154b4bf46cf3bcfe79a9be2b879,88,5
0xdd6217136966e4c0a96412f2107288c8b790027e,88,5
0xe3574bedc22234e048124cc16cab3ec6b7c71a3e,88,5
0x6573db1300a00235b7a659a3378d030852bb91f5,87,5
0x7be32cb0fd9854b5d582aa2df88017c4e20656c2,87,5
0xa25a092b024a6fc85df4f2b9bc7e916bc71e3439,87,5
0xbe3cc3891182aa724c4958815026fe199efcc788,87,5
0xf0939fed34a7f1d9395d25442b3c16f1e67b1cb2,87,5
0xf0e06e1802e1df618bc43bce4f97a7b182578615,87,5
0xf77b5ee0b30e68038ec85a145bc2b749e62656c3,87,5
0x0004b6983ab72684fb1eeb1e466579fdfddecb36,87,5
0x0808b8c13bfb140b5da24d911f14e0e9254e56ce,87,5
0x5cd45df15e19b9bcb379e2f63dc108f13b6a2ce4,87,5
0x6734014fd440f2d04a12b915519cbd3785b69d9c,87,5
0x9fa87dd4d8083d8beb864592124f7aefc7453225,87,5
0xb1068f8faa44171df80cc01abc2234f1caef5521,87,5
0xb5271bd03adb845bb7584575790cdb35dfe813b9,87,5
0xb717dcf159702e173d75b09d42ff815d494ee878,87,5
0xbf74c36cc46aa66b19597624c130cc39de44b072,87,5
0xc8eb847f27635d433dfdef19bbc323572702b123,87,5
0xef19a3a729bf5f61092cb9f4f036e400ca7a8acf,87,5
0x470886d5347106873d66ea56ff052f65548d3271,87,5
0x10ae81ab5559f26aa23f55791a83d3a5a3749006,87,5
0x0a6d40c3398c2076ac2b0c967c3916f025c3621f,86,5
0x12beb242318383c36939ecd9fa6e5b770b643033,86,5
0x2b38f4b083e62d80cc7854d8f333afe0da38ce22,86,5
0x3ee9a368fc9e9aa17b8d74a879d585fbc5d2fe7f,86,5
0x8439e2f497b80287c08a13b03bc370b7b788d8bf,86,5
0x9134868bbf369cfc2f5de07ecaebcbecc420bfd2,86,5
0xbb06dad7fa92e75e5c82dd9d37063a97bfa41b0b,86,5
0xd058c0c6e4b2d4ae925c6e107461a13504d433c1,86,5
0xfb58a65e71a7e47b76d001291bade18fc040a39a,86,5
0x35a1220028924decc3af3c3ec8554642cb7bd179,86,5
0x51261e42504c36bb34037799ab0478dcf12dd031,86,5
0x60571e97ecc32bf66b336098d23bd90bbd9219fa,86,5
0x74332207a02f431ef1adfd8fe86f816d9672a0a2,86,5
0x7a40fafcca75aef0681a18261f5e784ce9f2ce07,86,5
0x962b96e07a39f920f7d4e845fdd00129433df741,86,5
0xf0e25aa38cd130140b4718ebaad3684d175ff872,86,5
0xffd40a80404737dae11c931c8dade0fa54b8fa37,85,5
0x2bb05e8c86ad0f987195ae3cf8db1c3f6a7b8bf2,85,5
0x7651682501a5ee262713ad27ab6fad4c7f4b5dde,85,5
0x94034d83ed2d07dc9fb338b0991095aab3d31fe7,85,5
0xb63abf2d60079c07a454d27b67aaa304fc8f44c8,85,5
0xc3709b2c5c51dddb85353a192e09fcd0be27782a,85,5
0xd1d8a848831ad269b8a52cbd29846aadac16a514,85,5
0xe2340dc81fc036780a3ac51854d9b88a3e43dc5d,85,5
0x0d974cada01595935f4ed72fd6431243923773f0,85,5
0x3785429dbf43a874fcf3775582211405d7930f4c,85,5
0xa0724f72acaf24a1eb4881e444e7a259f68029a1,85,5
0xa5bff244507fcb419c051ccc48a636e24e74849d,85,5
0x0e877e7d8c756a47a2e5118291c6b3d54e12dceb,85,5
0x45f7f7d4bc878c231a469b1634bb37429feaa393,84,5
0x116abbec1314e9ad4b7d5b033b5caa42c4598cfa,84,5
0x7cef2b2af229162715b650580f0ca395c56ba034,84,5
0x7dd0db4062ebc06206c500cf250758032399ea4e,84,5
0xa9361b7ef78ab5a6b1b3eba7912ba1a4e67c963c,84,5
0xab379a488f9e7546147081f7d48b7b1ef580c5f4,84,5
0xabbb50e0b566fae3d7078ec0d99179f087a69b07,84,5
0xaee8088e8dbd79f2b69965d1c85f2f9ad167efa2,84,5
0xc63d6b7d69dc0dc320d73fc263a3a65ed63f3688,84,5
0xd77ad68000eb377c419f7a53bf15e76c834c398f,84,5
0xecb975c6db61b75c55f224c1a9cfcfc0c4045cbb,84,5
0xf207ebcd1adf3469a4d4a9161afc3fae72efc299,84,5
0xf6f48ed807eb0cbbef3abcc4ae0ca6363a306d6d,84,5
0xf9ecab2436218b458077319f95ba9a0442201eb4,84,5
0xfb333c6710e76703da608d6c0baa0fb04b4b56a1,84,5
0x285f07d2e43fa39facbb337a873642145fab73b0,84,5
0xbd74e6672b6274fec6387865e3a0165bff13ceb1,84,5
0x105f952edb61c7a6e11becb525cdca49f7957212,83,5
0x123a0bcb7ace1fbe6eb0f00513fb94f09eb4abce,83,5
0x4005c72fd0fb57d5c048f4ef3d91a2a95ebfebb0,83,5
0xbcbb1fda90b9cbe9af5f364afb2e061f5fd9fb7d,83,5
0x2bf1bb7815cd31a024cc83bfd0a86ddcc48137d9,83,5
0x3671c484bd40768e43f60b12805c3485286d9b9b,83,5
0x5264bb14fa24c1408e5244d9e43af6acdd96c13a,83,5
0x871d99da8fd8e35574a4e043445051c04115b302,83,5
0x89680ac9d560e1287323e464cea9210b0684bb10,83,5
0xbb571da5f579589ee595bad1103ae0ccac46b0f7,83,5
0xfc07fdabbe5254cdd65ec5bd9e419db811d4a515,83,5
0xfce57d93b2f1c8cc94a91dcf46f09dbe51f24208,83,5
0xd8bdc523f12ec76ff036c25e7df486258ffd6083,83,5
0x18bf750e6f1c0effd4687a40ab6dfb8cf2b7b4dc,82,5
0x458f2e325f3de198cef813cf66d5e016f95bd8f2,82,5
0x5a0387d7fcb931ebf5a2276392f97b6787a9fcbb,82,5
0x9891c22a0e0a451ec6afd3673516d7b20507ffe3,82,5
0xacbbe16bec8867266082cd532eff85130b7402fa,82,5
0xe44f5a49a6158d406c89a94e2c7f82461a9f25cc,82,5
0xeaf49bfda1741c52ccc126c829735b0150f052b9,82,5
0xedaa5733ecfe227987aa797eb81f9adbb8b56387,82,5
0x209cd73e172f45a6a7596fa92c45769afcc8871e,82,5
0x2fb73a01903398a71528fd5c7c91e37c1a61d8d3,82,5
0x57cd90c03e11203c6982b79ee44a1f9ff73a0ab5,82,5
0x8728b98e575d5b292cca20064393042898bb5405,82,5
0x945b93549ab96abd29e0b45ef5708397df14b8e4,82,5
0xa0980e00eb052c1fe1f7541bbd171a81b040f824,82,5
0xac54fbc4759b804b73085396aef74d1707002979,82,5
0xc967683b2e8eaf4be8a8476c7e42013ae2eae6f9,82,5
0xd34f86c61719a1ce24c1c20bbd8981b055d94223,82,5
0xd99b89cc1c23e5c17a328089785469125c6bb257,82,5
0xe5da1792964237f73f04a08bd1fc0041e5086b42,82,5
0xfa3a1ab7b0481d213ecb29de581d2e9b50d8988d,82,5
0x0b235fb60ccc80413857960945abd2fade9ea443,81,5
0x10cc54da998ffc70cdee254146484d50f8d3cd3b,81,5
0x3efb6da04e4e7f0fd810a501a807fdbc6f308a38,81,5
0x71d21d61848fb74ab97e9a1e5dd0a85ce0f149ff,81,5
0xbb54f05af5e65b4ffc73c3d83c0c7f0e25f7db7a,81,5
0xbeacfac57ff177282aa98e5589c6309d1296ad8a,81,5
0xcf478d92f5f33e10b77a4dc8c35c8d9a32745cb7,81,5
0xda74975dcab00d8d0dd9a2288ac01c635fc0ae55,81,5
0x027850c83e6bb3e4395e9adac556a4d3734a1823,81,5
0x4b643bd705dbac5ca1afc20d96ceca4881b035b3,81,5
0xae0300f816c0ab456d39705ba10b32c601e8e9af,81,5
0x8186f0f365a6901cfd2a9f28925bb1115ca9c627,80,5
0x8f152648813119f68f67ea32293c590e56d8b67b,80,5
0xedcfbae334e7535cd61fe1b585c8483b54abea4a,80,5
0x072cbb122b1281ae1c81c815d3e7e462c335448a,80,5
0x073e6ea3c6265f53d795d3cae10341cca600d6c5,80,5
0x08a3854538295107ec3e67aef09a1bd58268b075,80,5
0x10640356853fd3de1745a976a61182d91156c6d6,80,5
0x4cb4424272c809023225986c05a17fa7e0a21b5f,80,5
0x51cbbfe0388054b511acc7f5d5d5298765c22274,80,5
0x5d43b6abf36218f63764503ccccc668d2914a077,80,5
0x784ceb97290dfce4db3463f41bf62a799ece9acb,80,5
0x9f159167784b687bc1bea18e9606fa5099088764,80,5
0xa11735532d234226ccbf615ddf448848be84a15f,80,5
0xe136ba39872aaa9faf3e0c72173c5c008b165413,80,5
0xeb4fde0d387f784c9e6ce87f06ba28b32ab5e818,80,5
0xfd2b7a84e8e3eb850faed681b2c238d3cfa1b3dd,80,5
0x348ea7f4c1efe866b2176ac117dc010467db1d74,80,5
0x9c943d0c6f8cfc999a567cc89142777cacc03749,80,5
0xdf712cd327d7bacc4baa78d8313ac125d94c4a79,80,5
0x17de1e57fb1230d35bd90b599a3571dbff6130c7,79,5
0x265084615bfd62f635397b56da57d8bcfde45c6d,79,5
0x55fef6f9f42243a9c96fcec5f3b02f4acf323012,79,5
0xc1f4c3e5fe35b6a09c89234e6dc9739c91181a63,79,5
0x26cd718aa31adf1b9282c295b9b59f1895140c6e,79,5
0x590e8ba2d9184629137bc48c212846d707a970b7,79,5
0x5d0bad0141d640c452a60c337dfab8d4b6826ac9,79,5
0x7e9ae3abf04161e02be111704c61386c014b1b3b,79,5
0xd793545daf505c6e7081c5aff83b2137c116ecd7,79,5
0x8060b964baa3a2c7b3c5d7fdd0d993b0566dc864,79,5
0x037bc7f1fd0eca11b1ac25cb732d85534c941fc7,78,5
0x332bd5b67aeedf56a4947358b28f9da0956aacea,78,5
0x6b3fa2aab53160b63434b169468b566d21d651f2,78,5
0x7b8f4d3f7c668fd4a7b56095147d960763e80364,78,5
0x9f88ccdf79a224ccaeee4d5580de725c6865b380,78,5
0xa1a0a041f5da82fd1885c0712a7ed5c24af39faa,78,5
0xc0d8da4ab127a57b47c329619e649acfaf598d3d,78,5
0xc73a2ca60c73fca4eb0242d71765589be28f19b4,78,5
0xe1ac09566bf527e107307c100aa23058ad5a7315,78,5
0xe6500de801a9e2a31fb2f1f832a4631f89358f82,78,5
0xe6d48f163d17172db937da188173b61911168e4f,78,5
0x028e32cb40160f5f053b5d1a41b2ee0cc56ad0c3,78,5
0x1c035b1db19a42e833a074681aa98ddf110cd6c0,78,5
0x2daca7be5112e5e179c78d2b80167843324de2a6,78,5
0x31cd6102bd72c9fb85235960fd8578c987394e0c,78,5
0x509f18bef115c3a8a12bc43ab4e3e4a604b809fc,78,5
0x7dabcb3f8cb0511821531890f4f919e60bc6a4b3,78,5
0x8689d08bf60b425a7cd7ed4dfb3179ccc40234e0,78,5
0xb04125032a908c59436d334025fb984f58d619e9,78,5
0xb190a1e5a7148e3047fc4d14cf15a250e93adff2,78,5
0xd316055c58840536ecf7499434e72ca409e233f9,78,5
0xd56ec4f8965d76f933190dbeb3433033aa3ae003,78,5
0xecd8934296526da8b2c261475f3804c6f2badc31,78,5
0x0a735073c3545a057b90a14951bc46776c451d59,77,5
0x11b04fd471160a7f1f5d91d51049cc990eb3a084,77,5
0x181edff6b85f9f52ee6154474558ad433f7ea1f0,77,5
0x2dc27ec8dc3d41bde5d7c41aa684a0730c46b03c,77,5
0x2feb6d3ad01654f2e14657ac59c67789f528578b,77,5
0x30e455f35537c9b36c4133180007c577249a701e,77,5
0x3baa4632d800a879d61c261fe2ba6b0334bb8bbd,77,5
0x47376c0d4ce957de9f61778125ee9c840275d5fe,77,5
0x512a50a54579f831ab98bc4b2dcf37987e39639e,77,5
0x5daa048312ef480c912fc91ef460a558c91b0298,77,5
0x618662639a34ef90dc7d2c8b39b80e8a23cb0e63,77,5
0x6c684bcd277548267816b8e5b435040edb77d224,77,5
0x6f2d87c184dd97f10ec8bb9f75b0432eb57320d1,77,5
0x7631883312568c896d8603db7aa108460358cfab,77,5
0x9c7d50ca04843db4bd2f7fc2747180e7e29b22fc,77,5
0xbe6250f77b8c2bd8b37bfc835b5d3df8e43d0d27,77,5
0xc3dc2edbc1f64dcc5fd9bb7cd541400f6f30270b,77,5
0xcf08d1cd287601124d8c2e0b2d3e7e15a8b0fd11,77,5
0xd766f1c1d668dd5ebd993598025aeef5bf02dd2f,77,5
0xe2d68f03ff020126f91ca491486eb74d1781a137,77,5
0xe8b1d2ae756307ae98f2817dc273985609e41491,77,5
0xeb2189438147db07633256884eb16dc9282ef1d9,77,5
0x3595f27f37594943a0e430f3aaed6e181ae9db38,77,5
0x95a164db6b3ea9d742a9ec1a1b50c6252ad627a6,77,5
0xbe955ab3518bd6c455524944f9e10bdb3353b655,77,5
0xbf552a738bf69eb128abdd50cd7ca1f922d8eeae,77,5
0xc9b5e7e377f7f74c1fa1a112ce9775a919c83fe4,77,5
0x120bf2350c0e266a60ab34b93ecc7ce84aabe18b,76,5
0x128d39d1b6f8e1ddf2377bf9e7bacad9daeb5e8f,76,5
0x146a8108d1b9c3feef1cbc204a3b04dda36e1c6a,76,5
0x1a50352e55e9c3f90d26b07bb76a1e50628e5845,76,5
0x1b464249cc9e91340f12b72f09e856ffa6b800fe,76,5
0x30e3ab98efbfc1d6ca185e8819cf4c5b94bca8d9,76,5
0x348b9531cdf544328843aba2b13f22a44835ae56,76,5
0x376015b91ed105987a37d539cb0591694c9ae7d6,76,5
0x6032e0f8671f919b5855f2f9811ef1081141b84f,76,5
0x60501f31855bef886aa27658c3f97c6f4b213f78,76,5
0x6a5283147b9575561fbace2b1354b4f1e73ae130,76,5
0x6affadbe7fe827027c0ac13b4ccc2238fcc98626,76,5
0x778259d641d67c387d731afb3c5c8777c1a3de0a,76,5
0x797e1d8ec71804044b0429e02ba7b9a5c44f1a02,76,5
0x94c9e881e606dc387c338c62b68ab65328241725,76,5
0xb28587e86ef0aeef5a8f91eb649c156986610185,76,5
0xc0f32e41c858f67ce9ecbc34ac698f73e73695b6,76,5
0xd9bcff89bcf0bdba3760eab9584b2b7b268b790c,76,5
0xdb0e1fb25099be2b03c4a16af1928e0505024c87,76,5
0xe83e7b26050d661c2703231785371e0c178383a5,76,5
0xf777eb7b34a60c16a26de48acfd524c973a2288d,76,5
0x1ae3f7fce26689295955c948566005c3b5b51b0a,76,5
0x38adb8cfc22840801a8d0c003cf1b6353149a12d,76,5
0xaa1f9adbd84100a221b68a13fb5d9f9bc07583ab,76,5
0xcaf06b6116fdcd5fe551414236e04ca1edf9a4c4,76,5
0x616a84fe13490683b9fbc5534c5b116b0d3e8a70,75,5
0x8eca6970e0bae93c2bdf127c30ace302ba1f252b,75,5
0xd090d854093457b34ded71a3f218829f287e8944,75,5
0x03ae4b3002f59b46f28331a523f6543d9118cf86,75,5
0x0b15c7781694f4c67a9cc7395f6ff469608a4977,75,5
0x19856a12553bafc9c501fa105460a78f2c9b2f4e,75,5
0x20fec3c8963b31f4117841d220714b59cef6b260,75,5
0x2ef7eb899c088c15e9b2cce1be9201ececa12e44,75,5
0x3bd94b169273b6cdce6daf53106324d858fb1a56,75,5
0x4fac02ac805ec19f9958ae8a512ca263470c2f59,75,5
0x60fc00ae07b92358e090b72ae09ff0ffe6efa4a2,75,5
0x690f1c73a4a7f688e7bbcdd4cedb0f955273790f,75,5
0x6c26e7e767e4d3e85d38f022fcbe457467723469,75,5
0x8626f20752a0d478b354cde16b2868be36106ffe,75,5
0x93fcd74e9e809ca9c2b7531ab48f005d3ac3104c,75,5
0x9b6cc8d5cc4f2f864b6eb8e6fe828943b72480a6,75,5
0xfe32064935ed50bacf53275f83e94a331aa6025e,75,5
0x7c4c730548835e346ad49b6b7ace271a8a3ddaa8,75,5
0x08d96c70dad59a7fb252b8e2d751d5ebd643672b,74,5
0x148caa1389b4fc4298af9b10782cfb9a8acee945,74,5
0x44687ef7c5dcba0616625f16cd35c83727143dda,74,5
0x5017dc947faf82ac30ddb393ee8bbee499574964,74,5
0x664dcab6bae2490dded1cd6ddf1046798d5b4a30,74,5
0x85beab592eadbd17e0926a56888721b8c29381fc,74,5
0x906ef1dd7768ecae381244ee2e8909e250f26b24,74,5
0xd74888f53a1251bf84f82bfff2e1da76d0813d2e,74,5
0xe5600bd5d068f52be6a6deb0c917b020d8106e9a,74,5
0xe6e156788a35fd25680ab5ab9af86232d0ff9c6c,74,5
0x0ae2b55a729c4ba49b939c07aea4ba85fe8bb01d,74,5
0x46e504822e772f51419c0beb12ab4c68311c145c,74,5
0x4c29a8427c507f22279da3f2e7c0b492f305e0dd,74,5
0x783292060856f8ea12d7e60f00fb47542a275c98,74,5
0x8a3d0c4e619f65f8f3a005731adf7a5441c83e45,74,5
0xb2e7afac29c71bef8284c49d809e3aa5b0abb5f9,74,5
0xc9e8fc4b94bdfc149432d9a943798ae3002674bf,74,5
0x05c20d58900f09b7aa3264a5401c360b6506bb47,73,5
0x0c630a5be956c7ddfd5415507b1f8f5a6c978f31,73,5
0x33e888c20430f06102af848dc71c8c073dc2711d,73,5
0x43e421bdf32db4ac4f5fad468ca2ae59c04e0590,73,5
0x45665a98ff29df51825912297f00c32f7c340079,73,5
0x4ed66b5672b093e15ad22996816382f01572810e,73,5
0x60f621b038f66cd585623118bd47388f3d19fa6c,73,5
0x6ad3b4ab4deda36f2984d536daa10ef7354dd15e,73,5
0x7ece5dfce2366193ce05a1caa068b4bcdadcfb68,73,5
0x8099c0c2047e55a74bf5da7a94d06da6399dc430,73,5
0x859285b40db6dc8db64fb4729ff5a488991add6a,73,5
0xb3ee2cd2a4f9899e0d15b4e2f939d4ce5cbfdaef,73,5
0xd708fb578ff90d8ef0428545774a6a2066fcac79,73,5
0xe587f13365f06039850c2a53a510eccfc0db50aa,73,5
0xebed3a6d42bf3731c4f3df63a3efe1f7fbe6267a,73,5
0xfc4f745a532043c807b4333fc454440d3e41ef5b,73,5
0x27e56f1b90dede2766206b155e3af10826b61229,73,5
0x63fb877fc96e0a9076096a8d5f6b854bfa0cf595,73,5
0xbc1b3f4e9550357a714fa456564b7dcf2e821dd1,73,5
0xf26e3749e1cc0e7a9859b1fafe0d24844ebc4b8d,73,5
0x25e3b15f19a8b844cd80af9147b147daa86925ee,73,5
0x4ee15973936996c9efd18b5fcc4296bbd98cd113,72,5
0x819faef404ffaeb4e6e80673e0670102121585a5,72,5
0xac202bef86e16c016e0239ac35240325fec5bca5,72,5
0xb407d917348c070b4996645773e01f1d6f85439f,72,5
0xbab26f84694c58ebaedef72ef24bb2e40cd7c69b,72,5
0xc0a313a2b3281ad498f94f4236709fbc63ad39ee,72,5
0x001dc4bf5ef376db43ef25e4b5c807527e14896e,72,5
0x1f8b82ff42df68f9ebad507fddfd5f1aea04228f,72,5
0x20c09b775b7779697ea0c2d8ca76d1978567c58f,72,5
0x23ee5eb4b717e847c983ea4de0d97f28737846db,72,5
0x2a081863c0c1b2adee6ef0c7e50a6b934baf3737,72,5
0x3c7623fe7854d8c0ef29a9e040a7d9331b11df7a,72,5
0x5bda068b5683267f2e612c09ead6027e1195617e,72,5
0x8cc2fc32931af272e2c1f88ac085330659981d1e,72,5
0x8e91f5a021750ca7fa17985d6cea4249a267de19,72,5
0x93cc85e8e296682df064b6bdbaeb503a40045916,72,5
0x9453487551c8c7f4ef1ddc5658782df69bff2d50,72,5
0x97a444aa7b7f101249210120722619cef41b4cfb,72,5
0x9c01375ef1d1ea61163a3e4b8c0ba807d1d1086a,72,5
0xd96c53f9480cfa30babc1103399fa94a233e26a9,72,5
0xe3679aa6154df258bad3996b9b1a517bbb95859f,72,5
0x1de28b8208a1421ac1c2251dfe867cdbf9222371,71,5
0x4b22a0d7652868135ae398599979961460275299,71,5
0x7fad933d71d20383a37e7fce8249080a20121762,71,5
0xb6545a8c64490e6a4f6642ae0cfc463b2c264fc0,71,5
0x1f36691bbe59b144113f497b5ad1e85fb45c35b9,71,5
0x3ac8f85270d949635083389cc1d968638345b70a,71,5
0x3deaed97844b4f0608d541a7a9414789900a3ec3,71,5
0x47b108c0c7633ce6b90d0ac7540aeb5e8527255d,71,5
0x5b53f46a8d70d8ec27e3a7f9ea51aa8ce34cc287,71,5
0x5e8807bcbf4c6c192d459176a7b95c855cebbae2,71,5
0x64471c40959bdd32d49edc1d19a7e72b47e2fd73,71,5
0x79fea5e45f815f2de56bb33fb9f9094e94e108ad,71,5
0x858f6fe075a83d57d011ca03d2b12d2a6f671f5e,71,5
0x86fba220b827c7d169b0d9359e08c077011a8d96,71,5
0xa1234dee3fe840a78c67b01f430cd897ed163561,71,5
0xb450d94bfe50e880e096466fd4dbb1a242026677,71,5
0xc27bb5b908a39d738a8bc76894dd0a22b2f72eae,71,5
0xd965efbd8eb95eba5dbbc607f62582caf25b2993,71,5
0xdf6d565f589fa41eea28d7408ebf9ee3b889a0b1,71,5
0xe23b946b61cc27f3da7d298230451ce14a7168e6,71,5
0xf1e380336d4a843960c73d47e56e5e793c887d2e,71,5
0xfe4dad7c3ee1ee00d4fbe05be156b6c1eadbcc0f,71,5
0x90309e9929fa9f3d55331575725ac12a02d8fba9,71,5
0xd4f0ae80539f2d45cef5da1b9c969ee633e75123,71,5
0x119661a5b21ef89665ef361e38b220806a058a11,70,5
0x309e2680f67d964560749c31011d847f012e966d,70,5
0x44dde022dbd8d621eb9049f4cc5cf3cef4791f0f,70,5
0x8b4ab706742f064f59ffc5f4ba2d1b52fbfb4a99,70,5
0xb51f00a115c1b2869bf0b48c394ada076ecac857,70,5
0xd9a97deb18a1c08ab4bf0647aac69e9624d644c7,70,5
0xe203c4de648834c35989da7967ad28cef13a7d2e,70,5
0xff60635a8e293fdc4d7df3731ee7e1218db75f77,70,5
0x406d21bde5276d2d693f424159217640b28d71b4,70,5
0x4c1a62081e6b5988a83380f07cd74ca99d336053,70,5
0x6541ad789b493e7b78ab550162b3f9486944cc69,70,5
0x7003ac9f5acd9ab7554fff50fc66176256cc2ae2,70,5
0xd0a6749034499dcf8b2bcf70b349889d9c9180b4,70,5
0xda582cd26145bdeb2ac7e76cc0e41dd17cda8ce0,70,5
0xde827d856bc7e0b23b7baa140393404d9ff6db35,70,5
0x0baefdc8d9dd0853a87df4149c2b62fd67eb5087,70,5
0x06cb3a925789300f917813891212bffc15c1ab17,69,5
0x14509327676e299310217dadd5fe78fce6fa3e7a,69,5
0x220eb0268a8cfa5e82108fd966fd8bafe13546a9,69,5
0x31333d3bb37a0dd9f36b20a1d258729d9bd4f058,69,5
0x391f8b10286ace8d05c6b6147ab833dcca146f2d,69,5
0x464ba0d9e2ceabeb2b0b567bb4506c115f6de70b,69,5
0x58c4f80a1c3d09cde2718576f45ce1f97624d554,69,5
0x6aaf607818351587aae91b2c14421ec1eb84ecf0,69,5
0x98a1d8f3ab7f6fb462ec78a019c8493f3a7952ae,69,5
0x9f445a0ef9b0a072a605c618a9ab25da9e5e80fe,69,5
0xb54c12550bc8463417d33d368ffc01a4779430c8,69,5
0xb7bba88d7bc09b80f266ec506db2e1caec6e3447,69,5
0xb9f83fe747bf5f268e6bf40213c2b6b68addb5f4,69,5
0xf365acca73b36126c72ad7f2ea8acd0dbc6e3228,69,5
0xf99bc5d5d12ecc57068d97f4c3fa448a42855cd4,69,5
0x230eaabdb37a9e18a58e10217664276614bbb870,69,4
0x234f9adc685bf6249880e1ba63c90ebf5cae7300,69,4
0x2f4ae53a76e5f323c0dd3ba79b71e4526297928e,69,4
0x4b82300555bf95b2bb4d3c87a1d876ad3761d8fa,69,4
0xd2e42cc03db18d36f21f9c4c1084c01c5bfafc24,69,4
0xe2f4467f116c3e83593c027dbf0e1f8f7f81e44e,69,4
0xeba899591d04e1d55a172ae284ef784a5b913efa,69,4
0x57de236f22c3167bd2dfdfd651e676aa1dcd8d19,68,4
0x9b8f6a0ea22654140ac98fb7bbd29d247cc7fa53,68,4
0x04a3e49e842e4c858ab54492e653176b1a6fe6e2,68,4
0x075772cf43fe77af7f8a6661b71537921566b51a,68,4
0x19ca869d7c45c630abd0918fd0a460c11a516945,68,4
0x26758e5739d57df92ffd53bc630738499f3e81f0,68,4
0x2c62315f0d2db1b999b3133b8926a60fef26122d,68,4
0x2dbd19e9cadba71f7905e255b99e15f62b12cbe5,68,4
0x343b4643972413a45e6a48e4fff72a910a991a62,68,4
0x37afe66e9db18992b4baaf35e3a09deee89ef2b6,68,4
0x58264163742eff65430109688b014dedcba75594,68,4
0x5e6606f083b6cd2607a3c3fded96f7f00cef3810,68,4
0x6250bc7d0d992eb28da900cfeddbae5fff036fa6,68,4
0x66bc2dcfb5697ed03689f53f5b45bcbcfe87e9bf,68,4
0x694ca447bde141737c4cca3b1c6f7b440563f230,68,4
0x6aa9f5a858d1cc8fdf03ee3d8a7c5c34513608df,68,4
0x94033e47bd795ecbc148898f5e674f7328aed02b,68,4
0xa1bc732de58f6ff7649bfed843aa149c78d0afc1,68,4
0xa66d7bb7cb59ef5e0b7a0856fc623e7c9ffc6009,68,4
0xcb8fa07f92db1dcac5aad88f336b7e18f3227536,68,4
0xd22deb38a22d95a09074181b0524575f635ac145,68,4
0xe25c66e034a037127ed5c5f98de99653e3c7c10c,68,4
0xe2e440287014730d584ab62f924ca43dbe969948,68,4
0xed6575dff1fdaf6fb823592729c5457853cdff10,68,4
0x4f34a0ad3ba1c137d9376f9661fc317c9fdfcfc5,68,4
0x06231d7bb0f62fa350c417c29135eeb5287a12dd,67,4
0x091d2c2adafa976c4ac3ab10deaaed155dea29e3,67,4
0x399618caca0e82aa7f407694b9421ddb1d3e2c2b,67,4
0x3a17efcf7361bc4473f6b2c83e9ce5c41d2e5e41,67,4
0x71b639984ccee571b3b78648b5f476fcb3ff9324,67,4
0xac473df03ade49fb34bbd04eb2ff209a41188365,67,4
0xc17805984ef48b6f8348bd2a2d4016e7506cc200,67,4
0xc841d19a2321d1724949c4ae9876f80853d33251,67,4
0xf837289a0f24ceb29ecad935bdf45dcf1978fadf,67,4
0x0cf8beb52227da868504da18d6b45075e8ee3887,67,4
0x10a33f77dfb4e39a6e6e4e30e0fd5a761ea4346e,67,4
0x19c62ccccea518a29f97ab9649494b165f8e8d9e,67,4
0x68565e13c52bc63a4e52c13012a6ebca72206f70,67,4
0x6d5224a345a7f13856f4f06671d4463b8c9b66f6,67,4
0x9466b352b2c53b6b5c8bae77fb6a0538fe63b60f,67,4
0xabfcf77191f145ed8ab77a5d2d859cceb130988f,67,4
0xb707aad2b01656cbc0a09eb240762b94dbb8b40e,67,4
0xb957ccd1da0af661d2d82b6befc63e4d4d5c9481,67,4
0xc800e00a1423273ef6a949232f0677d1091476bc,67,4
0xd7adbf502fce8d4c7cd179910b7bb9fe6a4001cf,67,4
0xdfc2a75e8f686bd51182f7e06bd12171fa729373,67,4
0xfde259e05eef42a6fcd59658bb0d170b07e5898b,67,4
0x0b0bcc7a590e71c0c35bed65f01dc5c63220e10b,66,4
0x35dc93447bca0680580cb2601b7cdffd95d0394b,66,4
0x378c22af94f3909879b3cf70497eee31c3987e67,66,4
0x3c51ba92e193da364cd738bdda2bef65502d9c44,66,4
0x4cbd2e427763c4e33a1c1100d390f169b8134aa2,66,4
0x680ba72895b7315ae013f8ca29eafd8aa050af37,66,4
0x8d016ebca6d3866991f1b9d0d99e1285565da4b7,66,4
0x9ee1b0a8cc866a3a096a7309e49003e28f2cc742,66,4
0xae71a14782caa4fff55cfd162b35c952297b9e8e,66,4
0xb7c81982a33ee2e394c78c5d330c52a332db717f,66,4
0xc4088a58ed6646c7ab312f15c1cfc1e65fecbcdc,66,4
0xc6cb9877b46e6aa50d70011e09d39b39ddc0cefe,66,4
0xd361dbf7dbf7bec034d4fac385215ca431417c5a,66,4
0x080219101834cf140f0052bcbf3ea81ec7830370,66,4
0x1f2e4028a3c53fdeff707ae002f7d2a508d37cea,66,4
0x26b9137636d0f760bdabe8324ab5f57524c69532,66,4
0x38361a9972235a032d880d7cc65bcf4a971d189f,66,4
0x3eb08dab01431514b7bf459776d9a2fbb7500098,66,4
0x4c3565d78dd8cc7ef6005dd002b70f4ae7bbce97,66,4
0x4faae6e1b2a6559f23f11893f4b7de83898a4093,66,4
0xb774c9e98adebafcbd17708ff2ad584fecbf44d5,66,4
0xd313110e63f65a257c76ad47bc31752084af8765,66,4
0xdb694e128d2e29e8d0e1a99feb2fd7ace3921fba,66,4
0x192d742f34abf95231296b82d637f357fc2c03cc,65,4
0x1f6b5d00fefcd40047f7f1a7bec8d2942c5bdcee,65,4
0x3051dd28ba2bf368ad9c8eb6590937e6584ed18c,65,4
0x35433fb8bf2385330919e3d416592adf51533cd9,65,4
0x3c682e7fadbc7d02ce17a4873fc099e2932e34b6,65,4
0x3ce9f22eddac82a817822772d90c0a9114cdbc2c,65,4
0x4652298550ce72a5851654fc170b55ed10c0ba72,65,4
0x7386617e072e4fadd3627ffba8ca165118565119,65,4
0x7b47bdcf53e14e9791000088aeaaa5db3888596b,65,4
0x8a26d7ebd431c00d42d4ba8af0856b049ea122b3,65,4
0xb3dbcc4e9e6616db3d5c415f4c72f6f0a02a1e9d,65,4
0xcd6dc65959738d33175ef388168c606361702bf9,65,4
0xd52ee77eee177814949f739bfb292ffd4644d5bf,65,4
0xd53081ee2610f49b366bb82bc21ffa8f9faee129,65,4
0xe53ae80ed86d5ded0719aa880bf1c64342293589,65,4
0xeb448588d99b76bd1f0257827fd35ea5a4777439,65,4
0xfe9a2d38fda42c0a77160e211217ef7e3b90dd7c,65,4
0x09b163ab74311387b2566e9778718e5ff98b4323,65,4
0x3944a8ac95de754eb418186f32c247c194e57c54,65,4
0x4f28705b4e84ed987f9eb3a81db153d1a0aa52fb,65,4
0x85609d10b8a018adec654c7510b85378af1ff429,65,4
0x8b13f8bb3b9c79dd1316677687df21f42b43ef78,65,4
0x9a15afd85ed46c8c20067550843826e4eb3e802f,65,4
0xb6396f1a0834f792d8b40c37bb31aeda0ba9db08,65,4
0xd7c24071acaf81450e7d9a13bab923d32c19a5df,65,4
0xdb771517d189ee3f0c5252aa3320a9713ee7fe69,65,4
0x108a4cee1e82ec6466cbdde776f162b853cc2fd5,64,4
0x75d203159f434b17feadf31794409511cc93921a,64,4
0x03bc405937cf84937d8a14419bb206332eb241b2,64,4
0x090bfc8e16a0871c9f508590a79fcb5a73ff2ff9,64,4
0x2afdea43b0d9f04d153288aae263e52aefdaf5bb,64,4
0x33975d68ef34811072613e58641356074c39d215,64,4
0x4356970257c8c7907473105dca5390af48fd1d69,64,4
0x4522209d3b032bb55a8a4c9d887e551f01319e3d,64,4
0x45ff39abbdf89d955347f1e71460d461ef787279,64,4
0x51f15cef0a1770d4ce329c24b7b4eb7aa37c4ad9,64,4
0x59953aa8da9044340204b598b8c12b79a1b2a641,64,4
0x5ba5efb7b2c8140232585eea83c894745e4237e9,64,4
0x679f9a8fa3d57a20c2aa4c3897c9b315706d6c2f,64,4
0x7611bf68891be2dad2ba91af42823ce59e8aaf3f,64,4
0x7a077acdd30b7272cfbe99f3b9bb3836a12a99b1,64,4
0x7da2fa4fe6d55fa111398b358e48616d3939c72d,64,4
0x81ddf50d903dc732db0df5015527313b75d39323,64,4
0xdfd96eb4225c8a71901dc3d3fd3cd413261600d7,64,4
0xe487ad03a5b6508eb9d53881e5f6ac6bbd29265f,64,4
0xf8ffe716306797127abaa12f01c3f378583037c1,64,4
0xff5b9f5af4d9b378cd014d69400b0d5768f8a166,64,4
0x075d9b0d0870922fddadaa6f9ac94a8bedc5f347,64,4
0xaa4e6a6f94d3c82a6639b63f4d79780a5b57dd3d,64,4
0x13de3ca54e68d043558412e076011c6f83d1f753,63,4
0x198492a8c7ee2859de599e6f3c598b68581b4874,63,4
0x4731447c454ef7f022d8810753888ea37ccb3cce,63,4
0x6b8afa462e55ff39294aceab06918acc42037c18,63,4
0x98772901afda64a971a9ea9c5da69e42bc23f3f7,63,4
0xae2b38aac2ebd1782380163c477c20742d8e5fbe,63,4
0xde3d34e078ca9aefee6505150360d035ff7d9021,63,4
0x01f81d8825e3910e5430345644b31709b6a7223e,63,4
0x03ca91896e131f38183cf9521d59d435d7946b50,63,4
0x04e6ce875eb2a57fb84a740e702313b35615e73e,63,4
0x20982bdc9f154de97d0fd85afae2fed791197b45,63,4
0x4a2520a50e5adf32c0aa149ed919a6917b3beafb,63,4
0x540efbd6ae60882c4cb762d090feef736898b5e9,63,4
0x5e1d45813bae95870eabc33332e4153220fbe29a,63,4
0x74f7d578e8e1e300df5755188160206e6e921dad,63,4
0x75dded0eced9f10ae5b088af99be5684bb5c2e64,63,4
0x809ccf087fc8240be5adce034ece04734ed7cae9,63,4
0x923332ba16a1e39c1be61d6077b04a13ddf87302,63,4
0xa00b4e1d22923bcfc15df30f2b48ee0345213dc5,63,4
0xc0688dea69aa0ed0781eb5ba559881d7fee1fa0c,63,4
0xd3be49df163d8f205106b10312fa0b3a4b22d2f4,63,4
0xe019435a80d8811495876796b60307f0d0b1edf2,63,4
0xeba7e9066e587181999554b58d2e31a6791076a3,63,4
0xf2815f183def8c734ff608f832315c23f8f7749a,63,4
0x0201ead01909f4633c4318a85cfbf2c731086b69,62,4
0x11720f098ee874b3cc4099d2f1d5a567e90f8411,62,4
0x1b7b0ba335fda152ddd6f770027d7f19fd3d044c,62,4
0x2eca4a584d68f870d31b63848670b2a0610f6d94,62,4
0x39a5e17bcc1b8b89a3333e66c547bb4ebbbe844c,62,4
0x8ed269d17a8a211a4447f53896f6c44541114b61,62,4
0xb7e20a365d95dbcdb5aa055e22389d27a7c5aa39,62,4
0xb81596756a76fba0d47b52997f735bd32cd2a434,62,4
0xbc973d8d1c4527098a4abe75a4fc2f837d27a85f,62,4
0xd2d84c6943c29ec4df758f5c593915c94b83b674,62,4
0x0434418b2c78e005440f28f576f46f7db26d253a,62,4
0x31c592041937135fce660c03521b7be33ccdd3ef,62,4
0x3352a230d9dbb813fe40ed3aed842d5bd29b273c,62,4
0x3516a3971454ef60831b242b9b5e7fb5e5f4075b,62,4
0x568d4fa6c7b5132ee79576a64887479776d9c489,62,4
0x6cbf3020bd2287afb7b88eb68ec2f4459adc13d6,62,4
0xc06961302bfc09f690ed5df3a536eee4f490f023,62,4
0xd775f793453c343229eaf583ab3ce476c432e165,62,4
0xe3b33bfaaa90b99230ff57b7332a021f073605cc,62,4
0xe5a060a1fcb7e62e470d2ca85bc010a77763fcfe,62,4
0xef859ce72dc8ee2e3365be6b735032cdd53fab1c,62,4
0xfd3bc09ca0c5629343270c4383c2882c5bb41316,62,4
0x6868a2a7a6f88e66cfc1e2f64f4b04b162a19924,61,4
0x92945ec0f0edc1e32e02bf18b6de957f67335331,61,4
0x04d7db3972da6c6f960d664119ce4152ed38f6f9,61,4
0x0cb73361bec4a0aa27d4f7fcf5624940d059f299,61,4
0x0db8e366cc28d746595a5e542640b0fbdaaa48eb,61,4
0x0dff65363f36991849973480f26f07a6c063eaa3,61,4
0x1d159c24c27f39958c056011a7987aa63750dddc,61,4
0x2ad186cc50d1e70f4f2e32cd8ac93d8406f61365,61,4
0x400a8189f91e03925a8aa1d545f115bbaf55ad63,61,4
0x46f14039d0fd22c56ec07172bf7c0fd0c4ea95cd,61,4
0x4b3e223f84d60dd95dd82006c6362fd0b76617b6,61,4
0x63961eb81b31cc808e9a13147becc06b9c184418,61,4
0x6cea8206592eaee9c6a437e57da266995a7cf94c,61,4
0x7035694205fb7d282622a12e71c2e115003d8abd,61,4
0x708958739c7737264b097d9b537fac6e24c43cdb,61,4
0x878bfc1fcadeaf6af26f0d6864ff92d1d59fb25d,61,4
0xa21cf810caaee9586ce98f8074169ecf77735f2c,61,4
0xa4291bc9693bd95a7539cb499a060b8e7ec094a2,61,4
0xaf478a42b9ee7151a1a8572ca345db523d48c0cf,61,4
0xb06764fe38d38c299aecf877f9e0d71193b34bbb,61,4
0xe63f3a28ead544816d1a8b0df62392a2a45a84ec,61,4
0x25b36444aa5e031d2b33a7a32c0a133e13e13cd8,61,4
0x0341b2a4e622c8196d64a42f2f4d41bfe2612484,60,4
0x09e370aeac528c26a1590282e2fcaf8be10c2257,60,4
0x0ed8decf1c80a4fd44fc0276d438dbcdf017a0d9,60,4
0x56316805fde175f7357a4f09e866cf6e24c7af9a,60,4
0x72f4a703d488090da22f562e2c430c07d8b0a994,60,4
0x849229dd5dd2016d263660366d9abebce6fb19af,60,4
0x8efa77a01b269aa6f5aa2a654cccbd23817de2cd,60,4
0x8f449f161cef45b660ca6d119fd4206faf18cde7,60,4
0x931db929db05fc2a26a836a0702bd97117935332,60,4
0x976424cdd9d6e794c070d70e2b52b2aacd23cab2,60,4
0x9d80f078c48502eb3691c36aa459f1c0c903e26b,60,4
0x9dad498d7e2aea19d1ae668c6e27514892121938,60,4
0xa93bc394ad6046663909a1797bb6e33071755be0,60,4
0xa96d8e3e207c7665be3643c3473318c0d470a34d,60,4
0xade93edcf38577f8156248facfd4d081f670e5db,60,4
0xc685f837128de4c16ab8e3cf8505a56f70d0adce,60,4
0xce00ca5b9094586ef673b92eea56e6d76180acea,60,4
0xd2c0d97e8ec2e0354712b62b40eeab7a752031d9,60,4
0xd6a842db100f6860b36cbd579f39110ac4972389,60,4
0xe5aa45b9a30f654b132eba652789090429d58193,60,4
0xe962a7e557d0ec536846aa00f60dd10c5e69bc7d,60,4
0xed929820b5d620ef512b6e8971ee92c604a82cb4,60,4
0xfa06eabfde8523419c422ec284bda86866204f8b,60,4
0x21f4bf9264d1cc6b49ff2b784505da85c73b92a1,60,4
0x554c2ee7812df51267b636a194c8de12bf74ac39,60,4
0xd0c9f0661937ca0d8b345f9bb6eab7096cb54bfa,60,4
0xf7493e2b7cdd83b6cbcc9d0556c36687cfc364e4,60,4
0xfb5ce636aff0e6a25a13e3a9888404601bfcd3ed,60,4
0x05ddd1e30d9679a549cfbb12c8dd5b4e803e96b9,59,4
0x0a1ee85dea55acbefce0d29fa094391e9df62e19,59,4
0x144a132624223734efde7764e22daff4f6feaba0,59,4
0x5e6a4d078dc6fbab47452b097989f2213ca5e8c6,59,4
0x69ba6cbc8f82d6aa0331d23fad439d9bc468c046,59,4
0xd169febe154448f03d0eb7e0e8563f4066e27a11,59,4
0xd41604598cfab80ccaa91b7639ed1936b4683e64,59,4
0xe05193461c435cf5b83a566d08a8ce84d075672a,59,4
0xf3298eb54464dfeed6759822648250c31520b22a,59,4
0xf4d521d459c2f53cf624ae7268afbc78e6bb7344,59,4
0x0cba7ba59a623238787e328daf67b7aebe9ce167,59,4
0x13af2db88c2dc8b06d0edf536f78d18e1399ff42,59,4
0x1690287078ba8dda9f732471269a21a07e1d8b2a,59,4
0x326d591aaad2cf37a2082472655d34bc78db8fa8,59,4
0x3e78388aed5a88d3d3759194712f3db8b4cb89a7,59,4
0x430073d7c309b09eae7c1ff2a07b1479de856f84,59,4
0x658c17ce73dde6b0decec6456c93f9af9218f375,59,4
0x6e76c5b285bceb4576917ee9aa8889edd5124952,59,4
0x7fac9214a83aedff4deb029ca4bdbd288ebe91b6,59,4
0x813b6e8a1ff099c3db55d6bd1c272317e04bacc8,59,4
0x8bb69ffdc8bc5abbfc6f207360808078e3467c23,59,4
0x8dbc1c10a71384d91a739b6588aab72136520c90,59,4
0xa41d7bcd60ef6a33a2016d8aadbf96899cbac2ce,59,4
0xbcce8ff93c2a72f518f7aa0d5d84b9fd4988f921,59,4
0xd2389af676b0774e1d3647a7569de8250767f325,59,4
0xecbb98215c1829006b421ffd122bfe7e68f08ed6,59,4
0xf8f276f340da80a606a6377a63e5aa44e61f6fdb,59,4
0x6d95a92fcc6fa76c87bbecb3804144cc78146bfe,59,4
0x0f3e1c1bd1b3ea03bca64076e08f5d634a1cfccc,58,4
0x1464df2ad8c7149a885fd95f6893b1543b12f21a,58,4
0x1b1b9eebb4bfa90af78eb9d1e57facce2bc4d557,58,4
0x1b340db4db9185a2867f3439badaaecc3024e94d,58,4
0x1e14366af8770f134361fac7b25949c3737c5f85,58,4
0x2eb14ba4453a66e285ba26a6940b87cbc51e70b7,58,4
0x4026c82d5d9a64b9793252560f511333dc7a2425,58,4
0x5dfd947cee692c3af0222b06229e6f75d0cb8d64,58,4
0x636fb8dd99565732a97d18346d2f7ab645ca38fb,58,4
0x8ec3de40384ebe07132f4bda5d10b0fe252ec32b,58,4
0x9ab0c1c4483f45e50ec333a165ab19f4350e75f6,58,4
0xa7a0318e573064ff0da53371613984a528c8e7f3,58,4
0xa9f6f1b04c6520819d4a7beaec5655a0c7f97c54,58,4
0xac1443f01fefbc988950a6fd6f640bbaaed5346c,58,4
0xc644c2d91a0ae3830cc8d665e1517b35fb338c8d,58,4
0xe0a0d7df0aff2f45ead4159ae22ce205aa3f19e3,58,4
0xea9efca5bccd2bc611b53c3314aea6839df90f06,58,4
0xf0a49d16f057acc1c9f738662c2dafccbf9db827,58,4
0xfeea9e12dc9fc6f1575a2143d539a7dbf9972eb1,58,4
0x16e4c699ec3c392c42dfee1f3e03fbb095a2d281,58,4
0x29dd339df3ecae89b2219f2212578e20b39cc7c0,58,4
0x82f1a33a9b3b7675d2cb1f5f321c520415962d2c,58,4
0x92f2a5ea2232cb87ad45ad106fb64d74e2919d6f,58,4
0x99f7e134041aa27bc8cc3a2347eb74614a068ab3,58,4
0xd3dd961382f003c79a2e96697d98c08bb382d9ac,58,4
0xe41a86f2c6d5c492628a7d5660b3fc5a59ec6382,58,4
0x1b132257209a95d4e819e7009c4037d9d1eaef64,57,4
0x2201922c179912a9b3aedb550b8b804fda950bd7,57,4
0x272e71988e2a51c6a06f96fc2ef7ec43e4919b21,57,4
0x40ed8192518c8556b3179d9a39750f3b75ceccca,57,4
0x43a5226f343128ebc6f4a45f1d23e2107851fed2,57,4
0x5181cc03c569a1d9123e4e789f0349615390732c,57,4
0x563f7fced55c7f8614f984265897df56fbaff701,57,4
0x573c4d608eaf1d5143ea08797c8f94f13e716c61,57,4
0x59a3f8bef81dcee7b7da2f1cc57327d5a30f1e91,57,4
0x72ff99e78ea5398dab8df0553cdbfa37a522b00c,57,4
0x8ca5988053e0657d2390b4877ac95d8c4e982528,57,4
0x8d8a1e40526ec60d810c0f9d8d304c632b81b2c3,57,4
0x950dd9d0a2ab2682ae2f42895615a00192f57eba,57,4
0xba46ac8ac13de998b4d82c66b29d956ad8b665b3,57,4
0xbdb8c6c3a8608b8ba0b6afc001d3057577b7c2c5,57,4
0xe02565a8fdee1075147d0196c893fd0b3314cfa5,57,4
0xe1c60d86f3a879d81262e2c5412335191468e857,57,4
0xe8c5b10f1d8895e588f06e3a1e0d7c8861ba7ba8,57,4
0xed2cc9fc7fbbd9ef858dde73688e6196187d6d62,57,4
0xf69e4ae4ace356902e88f219a376a0cc68075307,57,4
0xfff5875f4e779708f14056b8b05cd4b08ea92dd7,57,4
0x79cfb70a9cab0d3bead564cae294d437f3326ff6,57,4
0x898beceede6f0330a4ab169470f099beb0ad47d2,57,4
0xa0447797b603e2a08a9f759cb519a29276d4cbfb,57,4
0xab305330a3cb835e1705028dede52b6e2e72239c,57,4
0xf7ad7753c34a5b64cd195ffd5c11d923bea54933,57,4
0x1cec228a36ed56e8bfae36f24d71a7fba6991e52,56,4
0x24b2d66af4dc6a4681a7bcf5f9f47a61352b05ee,56,4
0x25f86c8b36be44789e513431e656ce50b0f7c961,56,4
0x293c8cb5d3299923d3a0c5895d95cf018e61ce93,56,4
0x2af632bf073bdccb510bbc2012f3e75e26938430,56,4
0x442871949949950672487dba3c643cba4e53250e,56,4
0x463628cfaf06600a1654282d5d5529dbe7a789dd,56,4
0x4cba9c823a37e4434a31ebd2feff45c2992e8695,56,4
0x514679d873f83906a897558472f18b0ea3cab5ca,56,4
0x5356b95f3b9f1b40ca93d6d70aef9b6c0e0ca611,56,4
0x581a8988914c5a755b8c80b8f4a31c515830250b,56,4
0x6ce07e6f8ea821385ebd9d3199647b8274a1ce80,56,4
0x7734af900a2538c9b17352a5bb723bc6d9b08a2e,56,4
0x829c7b823753c688943ac58cb2192af9094ff4c6,56,4
0x84a3c9163547f6af1be1abb6e245c218f01a0132,56,4
0x8eaf372b3efc805031f30733f5c474761ac58b4d,56,4
0x9147f8da3fecd216e4453b242c8c57f82918faad,56,4
0x9860c751665fc9d05bec53cf7859e9b870b01965,56,4
0x9da5a5cf5d7e0b34662890fb6a7d6340d4b166c4,56,4
0xa0c1f43aa6e741cecbc49dc69e9dbf437d6787df,56,4
0xa155450e4ae48edd70d2a7be0b565183f21dac46,56,4
0xa1d105fa13f3864c78cb5ec44a4933cb80443316,56,4
0xa2e3bd825230d7abda510bd8b0da6fdd19e82dc7,56,4
0xa3e668804371baf63434245896b387edc6d5b548,56,4
0xa7b0c707adc0f31752df251257ba0e7dcf6585e8,56,4
0xb202c65a3b6897345304a1c7a9c7b7c9f1fc5ebe,56,4
0xb6346a32526d2f67aaf82b8aa166c2ee89a04c18,56,4
0xb787ef1aaac6bbceb67046c477a5c1afbef28566,56,4
0xbd48d685d8b27645a4121a9d4afaf3f64d9aa1ab,56,4
0xc66c572ef4009fc7e8e34cb73b8f7893978728e2,56,4
0xc6f1749a91925b2f99e867597e6d50c1e817a07d,56,4
0xcdbb295b39855b112eb0b004f46f0efb854ea24c,56,4
0xd370bf86fb19eb297a94372e7f4a46d20086c8d2,56,4
0xd8f323f8058cdbd8e538f1c267485d9f698079e9,56,4
0xe8aeeae2cbaea91db7a9ed6373ea84e03f658ed4,56,4
0x507f63423eca3cff047fe713cc65cecb0e14c4d2,55,4
0x5091ec3fed335dd4e85fe10ace33e23a49856b1e,55,4
0x9f6e1be758416defd8672c2f8cb9d89d162997b2,55,4
0xcebf5c08039caabffbf4b788eb337dfbe3db6218,55,4
0xd491ce5dc3d31a328468e0e0ba3a1763d0fd3f1f,55,4
0xdc36d4285f1bcb00cf698b8fd215b29ad016662e,55,4
0xebe4b2838ca74f2a470edc46dce7ce835c9297fe,55,4
0x13b7b3e30695e5901ef01ab83c7d4d278c13b040,55,4
0x2612c764dd6e18f95cb0487f0377fa8384cdfbe3,55,4
0x2c66942671b3e12911ecffec8fc3a78c8507151d,55,4
0x415ee67ec8b73bd94842654ab40a4101bbf7d98b,55,4
0x4260047fb59e8d4f3b049fdae5bc69150339462c,55,4
0x61e6ffbc6740d3928f00216e96e396def67c8805,55,4
0x6674cc8f501950c0deb9ca2cbc87ae8d5823d8e2,55,4
0x68dd3c4ce2a92a5b5474b6e7a9f3368c6df8f9eb,55,4
0x70d80a1b7a3775a17741836b8933be2d5d008d47,55,4
0x7935d1ec557f0b4a8b9e1a204e6d9c20c79ba5ee,55,4
0xa95e7d41eea2241c911c1d07ca1b7056d46b6974,55,4
0xe40d7e4248f3f33d29bdfe999cab789f4f67e465,55,4
0xe63c63ccb4fc1c3c6d77176b44f454a633838a25,55,4
0xe8a5091c53e1db77275465deb168840a196a2984,55,4
0x094370b19aa449a45e60cfc07c8fc8735ad1645e,55,4
0x46e0b85e2195587e66fcc642d068bc0cf1e6f851,55,4
0x8ec23b38f0a8af0111dde95bcaf0fd5153378da1,55,4
0xb64cb0d14777b701c03d742001373f6b95774e3c,55,4
0xdccbf41eb26cfb296500b783b4642c7c74bdfc33,55,4
0x2e4ae268b8b9a3382b7b762e3a4262aeaea58b7d,54,4
0x57e0fc429d2a3656cf6f91d1baf557c62a2526cd,54,4
0x790bae77bc1765a5b340b66a088085a5ed2c62fb,54,4
0x860890661515476d55ee83136a28bd7bfe2b61d7,54,4
0xbb66de12e7f51dc0152070ec368af76965817820,54,4
0xc470c1c45ff54f18a35f1fcd1c9dd7978a6ec336,54,4
0xe50bf7db81a1f0c76edabce771263bfc6a14061f,54,4
0xfd8d818f38cef95a2d19b6a19bfc18487bd7b74b,54,4
0x2c6b216ad9ad962047ea9219a6188e5d5f5d7f37,54,4
0x63abf5a8213dca1903b8bb07ee843c5a6c8f2603,54,4
0x9085cd53cb369c0e55e472f03eee9cdecdb24070,54,4
0xbcace1f81095fb37e48f18a18041d912c4802574,54,4
0xcd644b6ec900f1d07dfcb54b867cf879e1c35e6c,54,4
0xdb9ffaadf030e3ec3ef81fb9ffd5e02d1ed50928,54,4
0xe9eeed3e100a07b007457ff75bd7bc20a9f40a2e,54,4
0xf39de0b6d7b6b9a92532be2b93885b031c5c95f0,54,4
0x2c1933000aabf88ff7745f441732320bd716ad4c,54,4
0x8a824e5f4e73460f213164eedcc738d5c7f8909d,54,4
0x8f39c3af14b11f9821c9ab8e0694760f06e14bc5,54,4
0x9cf1fe80f103256b9bc8eb9e9c32ccb3433e513b,54,4
0xbc114289d5a07ee4467731cc5ef301ae66034a72,54,4
0xda19f5dbb92ebe8ff2ac96a6a871b07bf1ca0d98,54,4
0xe9546f02fae0f8780c0b6f7ed1b64c4a63e8fb79,54,4
0x018d22b531b0116bb4ba4b17c4d5ab50a3fe7d85,53,4
0x0b2f72faf7b3aca0b242a5c39f7991438a9d97d1,53,4
0x0ea0cf7d04033337a90a4618971de71de151605b,53,4
0x0ff40636cb3a1a3608b6541be6c0b01425f2ee59,53,4
0x1cffa6f42418aef41b30c30756c3c5414db23d5c,53,4
0x1e2f02a13efa201a03080f5c420bf762ff1c4704,53,4
0x2924e565a954eaed2960798a06daa0c9a221af99,53,4
0x2ed89571b655c93845ec04ed6e9bdefcc46f0ac2,53,4
0x44d246bb68e49baea001a3741615730574d1331c,53,4
0x53b47afbffd850619f03b0de8e520b641b7a6c44,53,4
0x828f4a5df4859ea66879569d4b81e504f45eaae9,53,4
0xad9f915ed676dbc4aa5eb0eb1a500d5a07398dab,53,4
0xc9f21b971e9459628e2c5e5c898a4d46f2280136,53,4
0xcc8ad3d85f2fcbce65bec1fa19f1f891f3b07e2a,53,4
0xdad2f1e759a3e74b9c19b161d7863808d6403876,53,4
0xe69ea30080e1ade2d42894c515f3fa8fb335abe5,53,4
0xfd906337fe176b6e27fc5c6640a6b2b02e53e43d,53,4
0x3c6c491a6145ee289806116159c5c84884623dcc,53,4
0x410a04bf814c81f168d149382a4aab087ae245e6,53,4
0x50de950f19751cad4bd8bc7faebf8b469a11ae22,53,4
0x752c3e4ba088aa41caf6cd52bcc48831080d4794,53,4
0x8268fddde28bb914f018126292b6311be13a71ff,53,4
0x8e75026bc36cf79e42544d243cd3ab9e7c0df965,53,4
0x91cf604c0d9d7d5d789d3907834b7b4fa873c7f5,53,4
0xb7bfa00c820316111b83171e5c05c4394fea7653,53,4
0xcfaae2938d82b727b46ebb08ae111ccdd752bb9e,53,4
0xd0ec44da6b0717c0221af04f67d1698fb60b9dfd,53,4
0xf3e932dce7062f8f53de140f7df6582f5bce44b1,53,4
0xf94318377f8e2113ea81d56039a2029c7cd090b3,53,4
0x1faeb77221e5a51ceb169c511f63f16ecf7517f9,53,4
0x683862b69d8a786633ea700612157eeaa6c37a61,53,4
0x7d1931d86a7df3f8fc16c7222f1f5c925d6159d5,53,4
0xe38607d7010ba1443690b69143e2a45374e9f047,52,4
0xf257eddbfd018b6980c36fc212a66d288faf5bff,52,4
0x1386c215a3f1f8d47cef5674b0ce1c0423d48546,52,3
0x328d4d9f9e502c07ae31a47ffd4120d6d777216e,52,3
0x472f1548e137ecf0952daf360c4ad6ba889cc8ed,52,3
0x5c023b9726051215ddafdbfce4a6c682522ef54c,52,3
0x5f7c24c88fcbb83b3a7365792074cd6b601b2af0,52,3
0x6066276012c37ff4e107e532a9f74575dc97dde9,52,3
0x6d972914a67d1055fa75ab36c636b3085c9cda2a,52,3
0x8365a5b2120d3d47cd84d7f3a9c0d429d49f1090,52,3
0x8fb9c42f1873f9d8217a64f653a6e1d65228853a,52,3
0xe482596ffc3ca6de8030bfc510de28aa3327890e,52,3
0xe73b28f8624d41d27063420c44d879ab287f4e40,52,3
0xeb61ce11e4145129237c6e39443e7fb4d40d18c6,52,3
0xf468356bfe624b17c7b2a866c9eaa0f500c4a9e6,52,3
0x071dde9e1f5c8c0aaf08951425ae3fae40e401a6,52,3
0x0af721008682b93ed7cb799a69267995c3954fbe,52,3
0x0d935f844bf2da5754b0e2d780932aff233370f9,52,3
0x4795e0d83126e0a0aa4fcaaa8845778f35c8a092,52,3
0x9d42ff4e20676aedcbc26f623c80511d53cd6cbe,52,3
0xb4f664d9aba78570184feba87e92cf0a28cffcc2,52,3
0xc0ec7aa4bb24e979165a0b0cc3dae565fecbf866,52,3
0xd9457782862399400dc77d24b3a012777decb887,52,3
0xe230d3053736eb750b2202d0a9af56a9d0257c21,52,3
0x9e563e686e0616b732b7cec3d0a8a2608e9f2c81,51,3
0x022ed473916df64cbf53aa8ce2b139f851c03239,51,3
0x14245c9edcf9bf1f1c85d39d3f93b2f84d0f360b,51,3
0x2b87a9b817481ef5e827dc1825c5886e09c449f3,51,3
0x5ddbbcd3fd7322c61eb3c70537472c135f8afe37,51,3
0x78af08cc37a46ac40e24b13f82bf6380a1720422,51,3
0x8ece16a712d5a2d97573c445871ba20cbf6099b3,51,3
0x9d3329e199f2a0c70d306b4580ffe469f8329cf4,51,3
0xaa4c73c56d21f87b4e1759550cf1d1da51f8460e,51,3
0xb63da001b43bc14dc75150e4f1c25f5731a65266,51,3
0xd28fb2c80cd89ef55d877bce318fc9646911ac09,51,3
0xe2ed7e255d74e59fc3e40e3d72c50cf817e266a9,51,3
0xe43417935085991bbb1e273a6b3bec7ab00cf9a8,51,3
0xf8cbaf3954eccd6f647570aa0a50720dd1e10d0a,51,3
0x01650ed556fe3c0b72b71538716eef7e562cec6b,51,3
0x02290facd5ebb7d6382ff0dc0d9b5f041571b52f,51,3
0x0b94ee04a720e97cebd49a423a8eca11300ae340,51,3
0x1208f84facc26a10cec72f01286be3afca36b03f,51,3
0x124046932505651f0d16ebcb13599df3ac129638,51,3
0x12e1310e812dcb1d7063789e43051021c5891ac7,51,3
0x2b06f3c7719dd8b478ee5d488af7aae2c311b36a,51,3
0x37e1a4b261796303c2312daef1e4f7601d0d6240,51,3
0x3f0e650be2362de1575d65852f35befb14e486da,51,3
0x51b020e5c7847ce2933faadf267266f2eead0a55,51,3
0x5ee0f4a616925cad37c0aa8a4b9e934042be7ca8,51,3
0x6dde88f33990d18a15ccedeb36c32d4fa272be0d,51,3
0x737e3452881b86553d0ecbfb94ddec2d8b5e53ac,51,3
0x889b3b534378b4be59bd1816965cc5b44f3c1d71,51,3
0x8c3d069c1bc73f53f92bdebc827b64bf85a5ceb7,51,3
0x8e4e7c6b045987bc7a6fe83a08a59cc55e208e1a,51,3
0xacbd238bdbbb1cadb26a724fbc299a4eb6688612,51,3
0xb4b33027b61ea0a00a436f5bc699d292b04e9fde,51,3
0xb66814181f42dd8518163dce7bc1451d478a4111,51,3
0xba2b8d5b8070d3ecf4385b8937f7652073e4955e,51,3
0xbc3a678367925caec471f998d35094450b54bf0e,51,3
0xce671bb4b0be2e21e30a998357eda13ba0c2c20c,51,3
0xeb0d1f681892191b9c31c5e0b17ca82adc71fcea,51,3
0x66bcb00648c85274311550c32d167859b5e1027e,51,3
0xf56983a7a940217116e1261dcb5c382da6644bf4,51,3
0x04d5ec5dc39e934fc88766769f80f1a9fe6949be,50,3
0x0fc07d82bee4935255951aca9118330bf2d17c69,50,3
0x7cc1c6c786075d9bd2d699fbd2b0434b7198e90d,50,3
0x91e5dc1166d68d415871ea939b85110aa3eb4471,50,3
0xb61c51df49f39b099ab7e8524d514046dc427a1f,50,3
0xf7492d8dea80916cb602e20436f507637f8c0d76,50,3
0x0a892447e586fdaa67527ba5c51b0ab38efc104c,50,3
0x0c1458b80c643d78556e0ef74151bf530a866102,50,3
0x1b7a8d3d196b60c0b75b13dd2195b117cf59c535,50,3
0x268f33e498452292dd611bad6da6df78f92af690,50,3
0x3400b99466223814fedb1e994ee4cc035dce291d,50,3
0x347f39859d1ad3cff207ee606ccf4ec11d04d001,50,3
0x3916f1374b89f2009110c83e6fbab58962aca69d,50,3
0x4ac62c9087ebeefaa28e0c31b3bf26bcb5a6d3c2,50,3
0x527c5bfb081adaf7bb9680965848c094927c9ba7,50,3
0x53dc1f81ac00653fc42b3bd0d2174db91e7d46d8,50,3
0x5c9e4c20c2a485c1830c482f9d767faa261d55c0,50,3
0x81bfb6871ca712dde7f5f2f54993588735f452bf,50,3
0xae2169159c66945ac36d7a40cafca8ad7ab3465c,50,3
0xc67f800279114fbb03379fe733fe2e14e249f6a8,50,3
0xcf57e284be06bc87a59a64f4a85b79e87952ae9e,50,3
0xd144034d085e687ddf77c2c921fbea127722bdf6,50,3
0x0b912ca69e83efd8651bf6db838d400655ff055a,50,3
0x301a20a6b5e00b65e4ceca7c63c410e6e0eb308c,50,3
0x3703d32abb295ed8404fb30e54cd31551f010e98,50,3
0x558a3652fcac3828a58ae2e41b586cdf3c3b6f15,50,3
0x5e63adfe0065fa7747105e669197dba82ed006a6,50,3
0x7d4a0531252c1a9968e92563611a927d90285a26,50,3
0xb394ed6faaaa099bfb869b752098d15f671dd7f0,50,3
0xbf50231726d0135fb0f92ad039bc401898d9cb1a,50,3
0xd32bd4f4cdc520ca73a5932e404663ac476e544d,50,3
0xe0d39ef2f16421e91c9642316b2adb9bf808877e,50,3
0xeb8de0032cc4f8320a03f3ccc652654270617cff,50,3
0x083e540af979a4adaae79fefad84a28d3b57083d,49,3
0x0c49297e14a5b809965781486f408aa1ced43ca5,49,3
0x186da15b50f4b9be293cb557816dab21b8bda19c,49,3
0x32a339f84ac899a182d4a664c3c50dd3d5ee82ec,49,3
0x3eff80275f2e985ac1e70301b40afd6914ad185e,49,3
0x47d13a3e5439c5c03339add0523ea00378955198,49,3
0x64fb2f932f4792f9e7f8ac8957e00d5adc2bac61,49,3
0xd09ac4cbab3b8c2b6e3597ae136af88c2092ae1c,49,3
0xdc8c59286273360832ce419da441e6fb71a80c1c,49,3
0xffc46f4bb17130e58203d0e2d3a72f76e6e8559b,49,3
0x042084346bdf0eb1e50f3cb60d6c0408c9694ff2,49,3
0x280c72774d5184f05742877ee81cf31ff1c8310c,49,3
0x2c0b63a1ba96b851ecfac92dda8383ab9bd4539a,49,3
0x33a002a24b95b637a566ec59ad51bfbf4507375d,49,3
0x743b2fe743e5e914c25e81740f7c8e7ea6ed2907,49,3
0x746149465fd8aae0a6dadb6a2096a19c56ee6193,49,3
0x9328675cac32304c37bf0803e62b7bee76d15416,49,3
0x94a9b44289ccd2dd5de560a0704ca708cfba3b6c,49,3
0xc268c84f2e3aed223fd9a1ebb212669f3af0b30d,49,3
0xc37216f7e6c4e3984811dd25e93b92f198e0e523,49,3
0xc41c34cf8183d070b376688b13f9512ac011de05,49,3
0xc8327538b9dc9ad78f41b00f8ea8282bc79c6e9c,49,3
0xd641ea6231866e5b039a2b69ab03baa4a91eb462,49,3
0xda733312e868bed47ed0cc2614ef7e57937ad7cb,49,3
0xded6ffaa2bbdddb8a9ff785485befdf72e676401,49,3
0xe4b9218b36caef7888bd4e4c82af1e9277fab4a8,49,3
0xefdc5991862fb5eb57fb40c94684a8c8a2d5a105,49,3
0xf5e46295e4e2866756b384d37c5209552e5fb434,49,3
0x502b95d55506ca87778e9503dc829ac82ebc9f58,49,3
0x102015b273d2c732b6a1c8de7e60101cafde67c0,48,3
0x2d37c4082a01c9ec469e1997aa7456acdbafa50c,48,3
0x340d2511a2272ff71a24fab780483b67c81370c6,48,3
0x345c4ab5bb0e94667f812646fafb2767fbd3afd4,48,3
0x384d55ffdbe5fd8d11934a83e6fc6488735e1f27,48,3
0x4d73ab411c84c3c8b38e7ab66ffdd6cc72c6aab2,48,3
0x51ce69126480878bfa6e0b08ac9ee7c41b434c11,48,3
0x680d490ffb7cdb2ff17e9824d127faca80463a72,48,3
0x70a83ac1146c274b436b431e5ab3c95b68f4e61e,48,3
0x7b19b0c8e3f7d8d513d86269f0c52be37b025bed,48,3
0x83cf0f3932f8e4e98fbacf625e027d0b95424c4f,48,3
0x895db6521139853dbaaae88e68174963176c8e32,48,3
0xadc3be107a6863c74ee1339ccf4e1f0c64a2eae6,48,3
0xe34956ba3f74bf15dd35862cfdc3922485ccfd50,48,3
0xe42928cc33cdce5433e5d07fe330be38b10b490e,48,3
0xf009f91aefba775ff817ae64b8cd01a3cbb84eb1,48,3
0xf00a8b2fd07478604c447a8c8027bcf2246ea66c,48,3
0x869d94ea8bc495134c503373406bd246f85da83c,48,3
0xc6fa769b710cee518cd8aeb5a00fd8827d8dc462,48,3
0xec151a736e5a9a4c48b3582f6120c68edd849811,48,3
0xf70261782e80c0668e0c2af34dedd5419cd25167,48,3
0x0a8f2a254d0c5de77c30d387c038b721523d5ab9,47,3
0x0b92b191624b9a2e7a2f1b9e43a7302833ecb500,47,3
0x3ad3e56def44bb266cdc78b249341504643cf5a8,47,3
0x46a82a0cdedeba308a789212171ecdf579db5aeb,47,3
0x8b9929c7b7ea29dea33ff8e2b2af31b5a083195f,47,3
0x8d405907c02ae1c7f62769e12440b4b7b3c12038,47,3
0x9be9f748bfc65454ec3ae97517bcf7939b23cb78,47,3
0xaebb42b96aee8273503df7b7fac374301bb9d5e2,47,3
0xc97a91896c1437854c3b87aa5ee480bd0315b40f,47,3
0xde21515f45f0e47a9ffeacdbbf876be7be0ce3fe,47,3
0xe458ca64a3ac2fccb6742ea6f03ff05f2edd9d7c,47,3
0xe5eceec19a8b88aed76e856605a44003764549bd,47,3
0xf32ff72fd656f31b27e4c044006f6e1b80dc8c96,47,3
0x35a25b19db6373da9e624eec85bb4bc483243489,47,3
0x3c11335b4b85bd3a71fd321bba99b7f037bd3df1,47,3
0x57aa8cfa22f64576650eeb838ea95f54f3e5b3cd,47,3
0x60864bc14c9757ffae36173120ce8d5b953132c6,47,3
0x636043ced9caa32a83fe081a8a10173b3aad849b,47,3
0x68065e7684d7212ce356f66bd06bdf664392c97e,47,3
0x81af8a716df12406ee655a4f59cd4fcbc79728a7,47,3
0x840878b238083841a4f7cc5c771a68fb40be35f1,47,3
0x88e2856878a8c880874aa4c3421a630e9e48f8b4,47,3
0x895c80a8758e13c8beba25d7fa9e56f8908373ce,47,3
0x961105e60f288cc156e414295cedc0605c78d5ca,47,3
0xd86f426ac541181efa2b627f7275b1ad4b030b05,47,3
0xdb8f7b479e449bd1cf0024836f3473afd1f4dfe8,47,3
0xee0a7eece3b268c4d538e4312397fa1ede87b4e4,47,3
0xff811783b0c822a3a4b8fbd906744b9437d60098,47,3
0xb94570737b4209f4acab60fac2e221fe33cd99d9,47,3
0x16171ec85906877b877e71dad0c0a000654d6b7b,46,3
0x630d7f4ab99840d371e4b3b22ae86a68084757e8,46,3
0x95724bf933b8553c1ff2015770f21a786eef0ed3,46,3
0x996d1e4d2706bd3afa1dcaf5003cadaf996ce93c,46,3
0xdec92bc44cfb6f688436fc94513ab65d30537f31,46,3
0x0d21d72cc8a0ed4596728f7c41f0c44cf823c071,46,3
0x1ae48fafc83f7f554c35709bf56564c831a8cf27,46,3
0x1bd156800cfa86e5eaf1c5b4898e012e76f964c4,46,3
0x2370b539ccb7d737520b1f7f1b86e9e5a4710316,46,3
0x25878f6ddf667f499c02e8ae01dd6d689a8a473a,46,3
0x328f0a5f4b32b2784b515e448f49f053b1b9f46c,46,3
0x38cbc885b9df7723db7dbd86dcc2fc6d1b25a003,46,3
0x6e63a85eb3ece93cd829dd053f69f58eb8efbaca,46,3
0x82253d37969f2342a9dc4ecfc0d90656d635fa88,46,3
0x90616e8c9e60c44e09a11be665c5e2c02d3bb6a9,46,3
0x92438077b3497b9c62adc45825f63da9718d2646,46,3
0xa18de88470de4deb08fa760466999a9d74c80175,46,3
0xa1fc58e628466b956d8e2e25de64031f52792351,46,3
0xa407a58c99acd588e2fbb9b79f1d98ff10df2ffa,46,3
0xb83df66536fdab2dc2b908ff272b66bff9515f5e,46,3
0xb884da65b8bfeae5cfdf99872f5235cfc8999d14,46,3
0xbb999f222f83ec35c5221d22491c1154d54d9062,46,3
0xc0d7cd83bd1ed722e014d8f09b1550120af49e32,46,3
0xc38181d8cf8297fbfa4e1ccd4d40bab3728981fd,46,3
0xe09bb82cc3812750c922676efc1fb1cfe58798f7,46,3
0xe6007720bbd68bdc6af3d1b2d5b0b4b9e66cb138,46,3
0xfb3749f1353f05523650cae2ca5159bf7caf92bf,46,3
0x044d16a7c6ffe50c6715bcc998926022fcd6fd40,46,3
0x3c32dd2caffee9a677dae47893b5a0486c92b8a2,46,3
0x65d97b54b1c3e836807c34303e2f7dc5c6d96bdc,46,3
0xc8d1cd9f7545dd90017f466831bc7beff7986079,46,3
0xfe1a5fdd3b33ebbcb5eb5b4eb065074e9809a7ca,46,3
0x08b067b1e77b377215f955cd36e730a8b4508010,45,3
0x3b00088475c26319d1c24068de37c3b6a99a5994,45,3
0x3f52cb142193eb48e4359fb2d664beac5a0f5e8e,45,3
0x4a82a2665c8df290faedb5e7e598250754a987be,45,3
0x62cf384cf9e0a4e71b51b3261737ef04ed200b2e,45,3
0x6400280d11f55716ed6f96c915589789eb678649,45,3
0x7582d6411f8730cccb8d98e6d3e2ad879b0f0711,45,3
0x8501bfa092b6f5852d27598eec1fbbd3408f3a4a,45,3
0x9c613c333c09ca51eb3d4a97c40c572979c0ade3,45,3
0x9db38f968b53a779f7ecc62486402fa68491f58b,45,3
0xb0f055ef9217d08be7634fd969be195e5e1cdc30,45,3
0xb954cfc21b684a32e797742fe5bcccaf952cb9e5,45,3
0xe22512386c1afada71c8ebfff3a04752d3a9004d,45,3
0xf11aee37658e122540824cdef483e9548a04c364,45,3
0xfea69067c65a4026f28a0a05502af85d1b200d4e,45,3
0x26221654f74b28c0d5d62c522c37eb77538ef743,45,3
0x275b9261b8fe03ce38aa17be15ddb81be1ed9dd2,45,3
0x28243addfb9b494bede50087c67d6738dacc7a13,45,3
0x6be7eeef55c4183fd93ca10caa135603836a546f,45,3
0xcc9fa1ed372e0b60dd705df5faa7e7bb721a1b80,45,3
0xd5001d48517f126aadb0fd3b4c5b6c187aad47d4,45,3
0xdae90c7fc9939aec86410bddcc38308c291f89a6,45,3
0x02d1caf55bf036a78657f1e08cab3f0795b1498b,44,3
0x046d61d606869ab46cc8a65e745cd56d897ce0e4,44,3
0x284fbf32eddb67cadba38abde021489d4c95b955,44,3
0x2a3179851eb9f8875b0c897860e74ecfa41bdfa6,44,3
0x33a8e85a9c1c9a309a47ec0002391d2a89e66db4,44,3
0x3db6029e245e2fa8f37a2c0fa56bcfbe7fbc806b,44,3
0x45a97cf55687766729ba47edc3426539faa9e575,44,3
0x4c5ead01ddcb67b09c8df8dcb7acedcc36458b98,44,3
0x5903825e6dbc6e95d33b453433618569ede2b18b,44,3
0x5c113bb2ea62f47df48d131f543442032ef6cdd3,44,3
0x64e1a55655cc8e5ff8c605c0586949510849ab3b,44,3
0x783c97b958e10c130d98c42f40e3003a27242907,44,3
0x978eddd58eb1ab5e35ff8d15083c956dcdc49771,44,3
0xb57a90fe8518606296f820ba17728dfb24e0a183,44,3
0xd1159e12c360fd4921ced3ac38c99c00f1f450b2,44,3
0xd298c0240cb9baf8cf364d98e8720cefb3315e96,44,3
0xe1f48b38f6b270f597766ee6dec278fd19b48f38,44,3
0x1379e98ebb57a8494897521d5cd286dfcefcce7d,44,3
0x66f8c4e0b121d9bd393a7f5b04be3109f3f3fc65,44,3
0x8969b6c1d2598f5a6aa1ae66ad56e2650ebc7116,44,3
0xa7c4ef288d758f52ee779b22e6445ac3269e6e23,44,3
0xc0aaafab2f9b140367e6f784459f47ef159e2e3a,44,3
0xf8a070572c9eb27962aecef1ad53521d19c2de8b,44,3
0x4150d48a985d6385c4f1b0b8c8279dd1ad4dd02f,43,3
0xc14bff90bb230957af4429b41c1fd295ae9abce3,43,3
0x514be7eae7912c23721cab76a2fe1f9e9cb6bd88,43,3
0x55c9dd273a2a66d71a85009330245314186aff3f,43,3
0x63943440bdd7e0ff17e42a6cc00803bd99d01c81,43,3
0x6dc4730796858bdbb61312f8cbacf55664aa2911,43,3
0xa21ef2b487b0e4d36dd4e8819420d4379f0208e1,43,3
0xa631b89aa206869e847ce1bf4304e2d1ef844077,43,3
0xd2a398c118d77f76cb659a6e5e3686dded325418,43,3
0xe1291cfcafb8342eaafe5a8512474706e3b82a8d,43,3
0xf70f1ec52e89569f9d467b32d4a4af102ea4bc9c,43,3
0x13e5cde55127e9fc689f35fa6d89370dccc025c4,43,3
0x17efa27b2ad8a359d331762d841e73212ff8ec2c,43,3
0x1927d5fe1bd529bb5ebb44bb8402b14f30164b1e,43,3
0x2a77db9c207d80a570e67894463da6952b1397b6,43,3
0x6e06e3e6a336f01eeb800c84a5734dab06d5b7a2,43,3
0x742bcd37fa35336ae3ea706157c644e711dae7f2,43,3
0x8fa7c1eaa18a6d9f7f060ce9133c23360412319b,43,3
0xb4fffa5fcb69f7af16b24c588af3316f85f146fc,43,3
0xb5b18aed36999ecefef1e910de3c1e2997dd8d5b,43,3
0xbbb0f44b99d42c2602cf976f43664e74e448fc80,43,3
0xc80448241b8947108c2d7f36a8911d6f2288bd9b,43,3
0xd5fbf20a3893c1ed330c7a224192b79289fb96f1,43,3
0xd9060cde8a1b023cb0dd30d2fbd56981b85b6d0a,43,3
0xde1e113f4c0655a32d9517c8359c8bb7a3d99ac7,43,3
0xe42cf279d11d3e1d440cee4f3fdec41166cd274d,43,3
0xea50895289d700013d0de61a29171d51c772d727,43,3
0x054e97b1b6ac76e12e9b72032bfec3c45257d0f2,42,3
0x1204acab8158eb66f39f91a74a322facc6f3bd23,42,3
0x91ccc8a29ab1de2727065e5fcfa7c3f96bdaa710,42,3
0x9ecb7e30b266a41b51a5aeb70d6bb8de6e0101bc,42,3
0xa1f6fa8addb2d7b7ea1da2a8727e7ff9cd78405d,42,3
0xae0b41eddc7f989e47dbde4fb69ab7f0da3741c8,42,3
0xb06af5bd0b5f11c20e393220936362c574d3bb97,42,3
0xb46df28fc73b43172b58343ce485b4b966a2bd98,42,3
0x0097c7122a6f79792861217ac6c6acabf6742264,42,3
0x40e11fbebceaa2f8fad5484e599620bc476da428,42,3
0x4e557d27c8145a917ffaefa9dd077ff34a29fa2a,42,3
0x60d5c10e89d0bc61698ef0032036b03a1aa9d8c1,42,3
0x6b7246126f2c8ea65acc5c931b7a7e25906de512,42,3
0x91ba6e6d74c23f490c9513c675e98632111c3910,42,3
0xaf5bb3df2915654094b1e04b6ebcaf2ab37fe2c0,42,3
0xb8b8ceb67c3c6d2db55707d59b7457b5ab2fada4,42,3
0xcb440fa536d62af3f565e05de44458798b21b5eb,42,3
0xf50c2a6a21d92d7d75d214660fe16453fbaed594,42,3
0x3cd6a1bbdb3f9eb58f35654d90c220cd5c2c8611,42,3
0x420332f4c64fac86918d79104e05d57d524521c7,42,3
0x653cf2605edf8d7bce43dbcefb7337604163b8f5,42,3
0x091fe5aea466cc5025ca935a11a242576ab6c6dd,41,3
0x19b1286a30bdf1439aa92878f6fe8d5d7ede705c,41,3
0x1e417b4d9ca5d6634261f19486c0440485083f21,41,3
0x2ae1cd609accb46031db75b19b451bf58ced21fe,41,3
0x36547b86267203001715700d6bb723aedaee8be0,41,3
0x3aec8bbafe7c50726fc31dd7a1d5422f4e6a16a7,41,3
0x59407bbf0263d53f823ca7e5ef11c5b02e4af9a0,41,3
0x66b57a9389788d6e1270484f30a02b7795d97da0,41,3
0x7f765d1ef42d213a0186e4749aff40852b0c919c,41,3
0xb4a02360f41a4c624a6c4990a834db78d36e265c,41,3
0xb93a6d01f6a760f6835f853b2f278c0ee18c3f10,41,3
0xc9e6700407ecfa65f2ba4cf95d38fec85b4d13fa,41,3
0xecb9994e757c456f383e76091c9638973c99a889,41,3
0xf6b9f5fd02399154f8b585a3e4a39fda7b61d54c,41,3
0x1b8f542959e6939a9ce8fff541d7c77a200e4829,41,3
0x2189481c5d4501e904ccecbbf2153ef4e9ad47d4,41,3
0x3659f20459521830237f849a5dd7c12085d64b5b,41,3
0x423f53b4688dc36f5b9f9316f54ed1163f45f840,41,3
0xa663f43fdf4b9cd6087a35ac827296fbe3377344,41,3
0xd1fcf7fcaf4549218da91e67f08456e18f8fd908,41,3
0x348f8dd0db4c484b9785f06651af3b7df89c1034,40,3
0x4c37a8055d4cf6c077ca69658f5c0a61597b6e5c,40,3
0x4ff400fc2fe4d56b2c93c26f1503d26c2f826019,40,3
0x5ad7867927645b473f84352886f6536b71b3a172,40,3
0x7df257f129c8cea3b9e4b1524fff111c97de316d,40,3
0x7f926d3c2172691456b9d5ff1d8452e290de4268,40,3
0x89761719b194bf02173b972dbda2bb6dc625d227,40,3
0x8a8e5fcc4557ed85f7b1ef5df94581305f46cd56,40,3
0x9a818e12a94a5a5b9852567b66eefc3eefa3f721,40,3
0xc128074864fe0fe4dcaccd5f5806d850faef79bd,40,3
0xfc4bc1798b74bd17cbdfbf9319bc8dec894ac5b2,40,3
0x13e60b4cf4a27e78c05f48434dd951c1118049a3,40,3
0x25e4d1851d76cbba9a08ba3ca04090d594a99635,40,3
0xcb4284df82035365515c8868278da85d5af48574,40,3
0xd044b9efb9faf07941eb1b7cd19b229b07f87fd1,40,3
0xd48abf01571073c4b3b2378c162c4851b1ae25ed,40,3
0xc46eca86dd23e0ff609b9d8df718bb374c8e1c23,39,3
0x0e0fdeeba407775bb2a3d2ac64a41532c55ac8e6,39,3
0x18390b6cba1ab95237e7d7da1e5785b30861af47,39,3
0x580ceae5ecf878d329068e2bface4e62278cffcb,39,3
0x7fab2a6f46fd82086d70e8301cf82f4523603701,39,3
0x927545644096ef90abaec1e4b4e96f39e4360cd0,39,3
0x9820a931851e5416fe3cb1cba97bdec02c2a92cc,39,3
0xbe7de307675ceb18cc4dfa887e239d8322071807,39,3
0xc3cce85d0867891d14032837e6ece159e8ff9096,39,3
0x27a59dff4fc728505174420c40f602386a6a704c,39,3
0x3c18674486bb45277fa9f736e0471b82a11444ca,39,3
0x5502e7970381b3a86f0307aba17175b43df7c7ee,39,3
0x67c9ece1d49b164d0cdf894c2a3eed0e6bc0b103,39,3
0xc2f3172d39ebae74a34386c60b548f5a1383d0a2,39,3
0xdadf581b1fd955d8bff331440ecb416bb74255cd,39,3
0xea819661cb9aeff0a7941aaee45e9073b7d089f5,39,3
0xeebe284a29a3ad94e8567da721b1204c1cb672ba,39,3
0xf6208204be902de5953d8a7366ed089e0bb490f9,39,3
0xa5e2ca0037ff48de420387ddc570a51e876f399b,39,3
0x14017e427dd1bf351406c2000b50d6ff5d9224cb,38,3
0x3141608cf4367e253a47e6b1b6eed9ef4a5a2ee9,38,3
0x3a5688c629d44d2f45f1c5488d213703cc8dd721,38,3
0x7705e44e0507fe6d35b1976f96705ef7c7900d8d,38,3
0x2d46dba73925629b16a18cce8cee1d3025de9e28,38,3
0x3dbd88c9103d3d539f80871fc21f302dbe95cd1c,38,3
0x3deaa8f064c1af16dbd9e5a5dc3ac6f9a5f84b30,38,3
0x47cb479ac724382ea811f2528f837cebdfb14833,38,3
0x5030605dda6c0be874f9401fc96814c204bbdf53,38,3
0x6d6fe8a678772660d342f292fba71a88dc86d21e,38,3
0x7ea47c8f3231c5016238081310b0116138c13bfb,38,3
0x8575950b368fe0240a382feada70104ebc127292,38,3
0x8ddc7ffc35e2ebdba601a2026aa4d69ee5cba804,38,3
0x961b249b6d35c9f515e41d587cb635160b156c5e,38,3
0xae6e636c7668008c8bce80f7045e1a93c8d9fbf5,38,3
0xc6aafcafc767f78751c2b8e48bb8967d5b56bd45,38,3
0xd956b9a71e85bd629b4d918fb1e070be5eb69253,38,3
0xe6c17420ddf8a72f42ab2654149616ec044ebabb,38,3
0x663d0290f8e9dbc89f0d2ae94859365fef8ef2dd,38,3
0x5f5ea556764cf73a52fe70625f594f10dfae9c99,37,3
0x8a26356061eb030c71a9f9b7939b3f40c4c054ab,37,3
0xa0c3fbd088201e7116d94a16eeac7a5aa3d4398a,37,3
0xcfedb2baf442557df9e9afd0223c22a5cec8f79d,37,3
0xe4d2858fc252c426e2600266ed46c353254da580,37,3
0xf05711c3f0ca12c170eeaae88aca0c9684950dbf,37,3
0xf8e29fbef82b099861e1358023743da566713047,37,3
0x79630d1a43726782c9f0947042f189d06a1cb1f1,37,2
0x5ad196c5fb850dad0e695f7ff6e4645412d616e3,36,2
0x9a47cc64ef70ec197c4d887f5f6cf0ef093f322f,36,2
0xd074a3c7f7934e320564c8405f7dd0b4694a152c,36,2
0x04bd82f51a79f37e0043084ae1fc473dcf45c907,36,2
0x09b9f07aecbd0b4e33d7d52c1b5a4b223802ec95,36,2
0x2a2ebde2bcd07e9bd40dfbd72fc1f841479c1b01,36,2
0x36bae1e48457f399387194c96504a774db083727,36,2
0x3aed33fc05ad5c64631100a143d9db8f8a03c909,36,2
0x3b3c5c5ff7d4628208a6771a5680d0c003a44b67,36,2
0xae381b3a0a9973801b03015f238f50f40f6497b2,36,2
0xbd19d2503440902aa2acf333397e15a95d3c6929,36,2
0xa2d93c89176a6a1c453f9cbde77e26a914e4f078,36,2
0xf526ce9a0058b24114d59a5c21d73666dab311f4,35,2
0x848ebd857eecf7cbf110017bede1f4161c979f8d,35,2
0x85b9c14d6f3900826853a61a9b68c3ba417ceed5,35,2
0xbe19e94590f15f4d71dcd3c77b48325df0995fe3,35,2
0xf83131f336b372d7644e9827b790e128e612ebe0,35,2
0x623ee2de7a4250c18ba245c050744c8e5d2f6e80,35,2
0x749b957513b862459aab3fca72c2958ca3e63db0,35,2
0x78fe49620b4234a18fe2b7a267d434e07f498fcf,35,2
0x833fc8d94b66c6cebe97954d39972ae4a569dd23,35,2
0xdbd68ce9a30c3bf190d5cc24c4481965a20c95ce,35,2
0xdf50e3813760f9473cf8acd9dd6b97af12c13dae,35,2
0x11af87f690abd5cfec4cea886233b1fa5e2559cb,34,2
0x4ecfeb0169e08e5d64d432dd78964afc01909f19,34,2
0x549d06a05b630dc8985426e505437981051f2225,34,2
0x007a0c3391bf07c71a2f9d9ef4fa37e2c78fc773,34,2
0x221fb45af377122cdfeb9e6e48f755b8e6ea709e,34,2
0x55f3c48801516334ad9e8a9312525d311ff72289,34,2
0x5daf19a8d3c6a6fc7a67f35f978916da5e0e31ef,34,2
0xecd7ad9b0e9469d095ab772aea4e15dbdb834a43,34,2
0xf1b7f5af487441bdb204c9b4d1d895329f1c46ee,33,2
0x323eabfee96ae498b4103c978abde8c4ffedb173,33,2
0x769d193b4dd580472549e12958dcf40f599b4864,33,2
0xe96ff70b23dbd7c1d0638491150a09c37250c53c,33,2
0x0e8d95acd94813ad3123c0238e5c6c4908c20f1a,32,2
0x629d2e0c334d07665a8f00dc5dfdd2619e970a4d,32,2
0x76ea781a7a88c74011ba9274e256bca748ec5e6a,32,2
0xb7c9ea0d20d13c94e8843c59fb3da6db365eb90a,32,2
0xc1569649dacf6e1520a253f3a438d8b944aa60e4,32,2
0xce257078531860a33402260508822dc565943c5f,32,2
0x63906df61067e54e390d3c9ccc2815fee51b3c6a,31,2
0xaec67dae6aa5961860b8e0ba535cbc1be5a1fea0,31,2
0xd822244b46f00e6264c1fb68463e2d5f723a9000,31,2
0x6a0e884e2ee50b0e1017e7fb980ce9125ccd571c,29,2
0xa44f73a86ed6331f814ede21f98fe92604afe7a2,29,2
0xc04f5c13b436cf842bc4a4df9902ce89ca06601e,29,2
0xee373ab398870928a195354930a1fe68603393a6,29,2
0x1348de1acb314767b1135de7d19bdcb4897ccb7b,28,2
