Address,Balance
0xE8B1D2AE756307ae98F2817dC273985609E41491,0.000000000000000001
0x08A3854538295107Ec3E67aEf09A1bd58268B075,0.000000000000000001
0x08370517ECEc93b0f9F3d4732f5aae211E954bb8,0.000000000000000001
0xE9EEeD3e100a07b007457Ff75bd7BC20A9F40a2E,0.000000000000000001
0x794634f0e99fa8064439fbc14696838E9A7985B1,0.000000000000000001
0xDf332f1ac742AbA260f6DE4Fe75EfD755040F194,0.000000000000000001
0xE203c4De648834C35989da7967aD28cEf13A7d2e,0.000000000000000001
0xE38607D7010BA1443690b69143e2A45374E9F047,0.000000000000000002
0x3468C13dB302203BE60eb65A72c41beA7558e818,0.000000000000000002
0x37EA6Ebd74063A8ed1dc33893F1E815A00703730,0.000000000000000002
0x8a26d7EbD431c00d42D4BA8af0856B049ea122B3,0.000000000000000002
0x57d4C7A6939D7472E0F8Bc4791ceA9b1DD864b32,0.000000000000000002
0x5Bda068B5683267f2e612C09eAd6027E1195617e,0.000000000000000002
0x0f9bBbdEF5a0717879aaAfdd1C5e9cA9EE5d28fA,0.000000000000000002
0xEcd7ad9b0e9469d095aB772aea4e15DBDb834A43,0.000000000000000002
0xaBc5d6DeD181eabb49355A349df7d8A55927AcE5,0.000000000000000002
0x0ED7eEC01EA4dE46ABe83086Fb6C14a3C64CB150,0.000000000000000002
0x2370b539cCb7D737520B1F7F1B86E9e5A4710316,0.000000000000000002
0xD1D8a848831Ad269B8A52CBd29846AadaC16A514,0.000000000000000002
0x68dd3c4CE2A92A5B5474B6e7a9f3368C6DF8f9eb,0.000000000000000002
0xbf287e3eE565F02A0fE44767Cc72d3A84A64f6bf,0.000000000000000002
0xb7c81982A33EE2E394C78c5D330c52A332dB717f,0.000000000000000002
0xfE2A0772879D684D636fE460e1807792aba342ed,0.000000000000000002
0x85bEAB592EAdbD17E0926A56888721b8c29381FC,0.000000000000000002
0x9cf1fe80F103256B9BC8eB9e9C32CcB3433e513b,0.000000000000000002
0x783c97b958e10c130D98C42F40e3003A27242907,0.000000000000000002
0xEDCFBaE334E7535CD61FE1b585c8483B54Abea4A,0.000000000000000002
0xa2b01DE9a9988473337Bc03cafE2C67C136AA8CE,0.000000000000000002
0xC0d8da4Ab127A57b47C329619e649aCfaF598D3D,0.000000000000000002
0xF6b04df9109c3984F091c5c43034F6bDbCb23564,0.000000000000000002
0x58c4f80A1C3D09cDe2718576f45ce1f97624d554,0.000000000000000002
0x2DaCA7be5112e5e179c78D2b80167843324De2A6,0.000000000000000002
0x8B4ab706742F064F59ffC5f4Ba2d1B52fbfB4A99,0.000000000000000002
0xFe9A2D38fdA42c0A77160e211217EF7E3b90DD7C,0.000000000000000002
0xd0ba11d45B70A3DF0aC6DDE97631e0F17841aD29,0.000000000000000002
0x97d20769B6499994a34B9e9d5f323aA4b3379FC4,0.000000000000000002
0x037bc7f1fd0eca11B1AC25cb732d85534C941FC7,0.000000000000000002
0xa1E35361E3b323e8cF741F757E077720B93CC506,0.000000000000000002
0x950de08444E6b37973544098B4512eA89D44A982,0.000000000000000002
0x51cE69126480878BfA6E0B08aC9ee7C41b434C11,0.000000000000000002
0x93fcd74E9e809Ca9c2b7531ab48f005d3Ac3104c,0.000000000000000002
0x0a6d40C3398c2076AC2B0c967C3916f025C3621f,0.000000000000000002
0x184e491B11f38B29BcB363Aa6B202C740e078cdD,0.000000000000000002
0xa5274793666bFEAA84b592fce0fA8bbf87c0951a,0.000000000000000002
0xBA46AC8Ac13de998B4d82c66b29D956Ad8b665B3,0.000000000000000002
0xC3dc2edbc1F64Dcc5fD9bb7Cd541400f6F30270B,0.000000000000000002
0x9147f8DA3fECd216E4453b242c8c57F82918FAAd,0.000000000000000002
0x45B0653E86b58b388Aa78b77030F83E34f0A9B52,0.000000000000000002
0x5dF8b186cC971123454AAE43616AF38F2D5eDE19,0.000000000000000002
0x860890661515476D55ee83136A28BD7BFe2b61d7,0.000000000000000002
0x2bb05E8C86aD0F987195AE3cF8dB1C3f6a7B8Bf2,0.000000000000000002
0xC761036e8914426725a6912E7d37e09bA4a59CA9,0.000000000000000002
0xf77b5eE0B30E68038ec85A145bc2b749E62656C3,0.000000000000000002
0x5A847047D3BA0e1AE8E3A06c44297e7DdAeB1D89,0.000000000000000002
0xB6545a8c64490e6A4F6642ae0cFC463b2C264fc0,0.000000000000000002
0x62652FA95bfc9784f56DC7a84718fa26d7D79CE6,0.000000000000000002
0xA9C663AedBb01C78B19c36FC950364864c3Ee848,0.000000000000000002
0xCB8fA07f92DB1dCaC5aaD88f336b7e18F3227536,0.000000000000000002
0x83863Ced1AA4496df8dcB64E809B17158747E6A5,0.000000000000000002
0x708958739C7737264B097D9b537FaC6E24c43cdB,0.000000000000000002
0x790bAe77bC1765a5b340B66a088085a5eD2c62fB,0.000000000000000002
0x47C134CD69c20121a665e189aC4aBFCf0b0Bb3d7,0.000000000000000002
0x65433cAC6b8E09eB3018adb00e041981Ea69DD52,0.000000000000000002
0xF1E380336D4a843960c73D47e56E5e793c887D2e,0.000000000000000002
0x5868aBd432399997c94f57EDb76F6107DF009C22,0.000000000000000002
0x1c9e2E9d57684384c9dF0e37aB377f0B79e703A8,0.000000000000000002
0xEb091eddde4817a8a0D818Ecf75E8c0F9B08E0D2,0.000000000000000002
0x3785429dbF43a874FCF3775582211405D7930f4c,0.000000000000000002
0x0c630a5Be956C7dDfd5415507B1F8F5a6c978F31,0.000000000000000002
0x88e024d00124a72733388ACc3043870bc66c5B35,0.000000000000000002
0xDe827D856bc7e0b23B7bAa140393404d9Ff6dB35,0.000000000000000002
0x4652298550cE72A5851654fc170b55eD10c0bA72,0.000000000000000002
0x2DBD19e9cADba71f7905e255b99E15F62B12cBe5,0.000000000000000002
0x5BDaDb12CC54e67dee525540EfdD182BC2c48784,0.000000000000000002
0x7c1F0C0d5758d79cb69a45241FdFfE8f8b092533,0.000000000000000002
0xC919b2B63FAED57F1B666E63ff39DBf2700790F9,0.000000000000000002
0xD255E1b1DC1D83ab64BE8e95C5f4AB69A89108c1,0.000000000000000002
0xd77ad68000Eb377C419f7a53Bf15e76C834C398f,0.000000000000000002
0x075D9b0d0870922FdDaDAa6F9Ac94A8bEDc5F347,0.000000000000000002
0x06231d7BB0f62Fa350c417C29135EeB5287a12dd,0.000000000000000002
0xC1c4aaf82BE271A7f1B1b12e6b57bDAB39844E1A,0.000000000000000002
0x2B38f4B083e62D80cC7854d8F333AFE0DA38Ce22,0.000000000000000002
0xd1C9Be1eA1d04D3f89C8E99E330b1a0767Fdf4D3,0.000000000000000002
0x6D6FE8a678772660d342F292FBA71a88dc86d21e,0.000000000000000002
0xd96c53F9480cfA30babc1103399fa94a233E26A9,0.000000000000000002
0x56e1783c561Eac511b629AB4983406fD0fE501e0,0.000000000000000002
0x7003AC9f5acD9ab7554FfF50Fc66176256cc2AE2,0.000000000000000003
0x5Ad196C5fB850DAD0E695f7Ff6E4645412D616E3,0.000000000000000003
0xD8f323F8058CDBd8E538F1c267485D9f698079E9,0.000000000000000003
0x4Ac62c9087ebEeFaa28e0C31B3BF26BCb5A6d3c2,0.000000000000000003
0x1690287078Ba8DdA9f732471269a21a07e1D8b2A,0.000000000000000003
0x234f9AdC685BF6249880E1bA63C90EBf5Cae7300,0.000000000000000003
0x5E63AdfE0065Fa7747105E669197dBa82eD006A6,0.000000000000000003
0x9A15AFD85eD46C8C20067550843826E4Eb3E802F,0.000000000000000003
0x0ed8dECf1c80a4FD44FC0276d438dbCDf017a0d9,0.000000000000000003
0xec151A736e5A9a4C48B3582F6120c68eDd849811,0.000000000000000003
0xc3709b2C5C51dDDb85353A192E09FCD0Be27782A,0.000000000000000003
0xF32fF72fd656F31B27e4c044006F6e1b80DC8C96,0.000000000000000003
0xecB975C6DB61b75c55F224c1A9CFcfc0c4045cBb,0.000000000000000003
0x42D399525379Eb9D07AeaAD9E8DDF0184857CD9B,0.000000000000000003
0x3c682E7FAdBc7d02cE17A4873fc099E2932E34B6,0.000000000000000003
0x1927d5FE1bd529bB5EBB44BB8402b14f30164B1E,0.000000000000000003
0x28243aDdfb9b494BEde50087C67d6738dacc7a13,0.000000000000000003
0x80efD722C184412302CAD03879a4cED28Ecc0767,0.000000000000000003
0xc8eb847F27635d433dFDeF19bBc323572702b123,0.000000000000000003
0x5716762541Ec40a7467F612C6E0E2Aa6380c8599,0.000000000000000003
0x694Ca447BDE141737C4cca3b1c6F7B440563f230,0.000000000000000003
0xfff5875f4E779708f14056b8B05CD4b08EA92Dd7,0.000000000000000003
0x9466b352B2c53B6B5C8BaE77fB6A0538FE63b60f,0.000000000000000003
0x90309e9929FA9f3D55331575725Ac12a02d8FBa9,0.000000000000000003
0x27a59DFf4Fc728505174420c40f602386a6A704c,0.000000000000000003
0x751Cfd7e438e0099514a297ABE83fCE9dc336273,0.000000000000000003
0xbB999f222F83EC35C5221D22491C1154D54d9062,0.000000000000000003
0x87Cd45539Ea5840585E065A9ff9d4e3c5e4f9A01,0.000000000000000003
0xd84d66c337608154b4bf46cf3bCFE79A9bE2b879,0.000000000000000003
0xef859CE72dC8EE2e3365BE6b735032CDD53FaB1c,0.000000000000000003
0x9A818e12A94a5a5B9852567b66EeFC3EeFA3F721,0.000000000000000003
0xd9060CDE8A1b023Cb0DD30D2fbD56981B85b6d0a,0.000000000000000003
0x1b340Db4Db9185a2867f3439baDaaeCC3024e94D,0.000000000000000003
0x65385F744211b9efA454Df779cB565A946738bdb,0.000000000000000003
0xE136BA39872AAa9Faf3E0c72173C5C008b165413,0.000000000000000003
0x0b98E5C0dd33eA852Df8535De197DE38881e6094,0.000000000000000003
0x4dEf497d358a3201E93ba7126Ee09dA2838b7514,0.000000000000000003
0xb4dbc77858FEA2F40e20F4E3B1E81BD006238AA8,0.000000000000000003
0xc63d6b7d69dC0Dc320d73fc263a3a65eD63F3688,0.000000000000000003
0x458F2E325F3De198cef813cF66d5e016f95BD8F2,0.000000000000000003
0xE09bB82cc3812750c922676eFC1fb1Cfe58798f7,0.000000000000000003
0x83cF0F3932F8E4e98FBACf625e027D0b95424c4F,0.000000000000000003
0xc38181D8cf8297fbFa4E1cCD4d40bAB3728981FD,0.000000000000000003
0x9Fa87dD4D8083d8beB864592124f7aeFC7453225,0.000000000000000003
0x5Cd45df15e19b9BCB379e2F63DC108F13b6A2CE4,0.000000000000000003
0x4CB4424272C809023225986c05a17FA7E0a21b5f,0.000000000000000003
0xB52B8A1A58c2AE753eb2e3D4b3e936A0934A2923,0.000000000000000003
0x8c39dB6e5ED585034393f2f6fa024d0B37e98fbB,0.000000000000000003
0xe8c5b10f1d8895e588f06e3a1e0d7c8861bA7BA8,0.000000000000000003
0xe5A060A1fCB7E62E470D2Ca85bc010a77763fcFe,0.000000000000000003
0x3fc379C61CC5a8d78f356039375c84Cffdcd7189,0.000000000000000003
0x55fef6F9F42243a9c96FCEc5F3B02f4aCF323012,0.000000000000000003
0xc6c1a711B67338Fe508349C466C3b77198D7e53f,0.000000000000000003
0x90616e8c9e60C44e09a11Be665C5e2c02D3bB6a9,0.000000000000000003
0x3926055BFb97470F38D9F848F230f50c5B361a56,0.000000000000000003
0x0C49297E14A5b809965781486f408aA1ceD43Ca5,0.000000000000000003
0x45f7f7D4bC878c231A469b1634BB37429feaa393,0.000000000000000003
0x8E91F5a021750ca7fa17985d6Cea4249A267de19,0.000000000000000003
0xD9A97Deb18A1C08AB4bF0647aac69e9624D644c7,0.000000000000000003
0x4e02e1142CF45A35a10A2fF6DBdeF32eCE91FFC7,0.000000000000000003
0x540BBE4ECdedeB3abc02dB571C9F79f05932cb45,0.000000000000000003
0xEb0D1F681892191B9c31c5E0b17Ca82aDc71fCEA,0.000000000000000003
0xDab3E05a0601b3742B1726a44C9F91d4143103a4,0.000000000000000003
0x119661a5b21ef89665Ef361E38B220806A058A11,0.000000000000000003
0x36547b86267203001715700d6BB723AedAEe8be0,0.000000000000000003
0xaeE8088e8dbD79f2b69965D1c85f2F9aD167eFa2,0.000000000000000003
0xc41C34cF8183D070B376688B13f9512AC011DE05,0.000000000000000003
0x4217CEA29DA056a0c5b8aD9aF1469a6D774aa4C4,0.000000000000000003
0x1DAFa34B3D86fc19458cFd375eb2307c9Ab05553,0.000000000000000003
0x5710e464b2416aF71f1B1c09Ae7Ab1fc61A2d9d6,0.000000000000000003
0x5095176e904fF03836F27D0565346aB87646B199,0.000000000000000003
0x4cBD2E427763c4e33a1C1100D390F169b8134aA2,0.000000000000000003
0x9BE9f748BFc65454EC3AE97517Bcf7939B23CB78,0.000000000000000003
0x5b53F46a8D70d8EC27E3A7F9eA51aA8ce34Cc287,0.000000000000000003
0x8dDc7FfC35E2eBdBA601a2026Aa4d69eE5Cba804,0.000000000000000003
0xB93a6D01f6a760F6835f853b2f278c0EE18c3f10,0.000000000000000003
0xa3b77be0c3676264d077b5f77A1831BD80BaEa39,0.000000000000000003
0x3662Dd735BeF52bf564ab1F7380CC54B9B73DB27,0.000000000000000003
0xb437d84ad301cD6E7f6E090EB31BEdc096F8c256,0.000000000000000003
0x6032e0f8671f919b5855f2F9811eF1081141b84f,0.000000000000000003
0x6B8aFa462e55FF39294aCEaB06918Acc42037c18,0.000000000000000003
0xC97A91896C1437854C3b87AA5ee480BD0315B40f,0.000000000000000003
0x58aA47B05C803D8787bdb9d1b0ff5D547d251d32,0.000000000000000003
0x285F07d2E43Fa39faCBb337A873642145FAB73B0,0.000000000000000003
0xb707AAd2B01656cbc0a09eB240762B94dbB8b40E,0.000000000000000003
0x90903873CD7b95e66B30a94Ca260E42411E532cd,0.000000000000000003
0xe27FfFAe3d248c5FcAC81f4049AD8AB0325aa9EE,0.000000000000000003
0x4cC25f7Ca599c465124946DE2De654DDCDbcA25b,0.000000000000000003
0x7a077aCdD30b7272CfBe99f3b9Bb3836A12a99B1,0.000000000000000003
0xD370BF86Fb19Eb297A94372e7f4A46d20086c8d2,0.000000000000000003
0x4C45D496d509bd15EB9083B7b0af39a74B83E7C4,0.000000000000000003
0xbD74e6672b6274FeC6387865e3A0165BfF13ceb1,0.000000000000000003
0xf8FFe716306797127AbaA12F01C3F378583037C1,0.000000000000000003
0xad5D4Fd488E5bFa17789aa38C77e49fA06486202,0.000000000000000003
0xf99Bc5d5d12ECc57068d97F4C3fA448A42855cD4,0.000000000000000003
0x3352A230D9DbB813fE40ed3aEd842D5BD29b273C,0.000000000000000003
0x2145a66677A0015E87478B08C82e05C71F98191c,0.000000000000000003
0xC0ec7aA4BB24e979165a0b0cC3dae565FECBF866,0.000000000000000003
0xEBed3a6D42bf3731c4F3DF63a3efe1F7FbE6267a,0.000000000000000003
0x26b9137636d0f760BDabe8324aB5f57524C69532,0.000000000000000003
0x0808B8c13BFb140B5Da24D911f14e0E9254e56ce,0.000000000000000003
0x5F2850B1B1a28aa0DA9D5C0d50229d5a957b1138,0.000000000000000003
0xBe6250F77B8c2Bd8b37Bfc835B5D3dF8e43d0D27,0.000000000000000003
0x978EdDd58Eb1ab5E35fF8D15083c956dcdc49771,0.000000000000000003
0x99681454Fa72f1990792143917F8EcfCfffd5FC4,0.000000000000000003
0xffde24120F7B9e097F6d449f6396B9C77f405f64,0.000000000000000003
0x70D80a1b7a3775a17741836b8933bE2d5d008D47,0.000000000000000003
0x0e0c32d21Bc3ff5dA333E5E985c6943eD277d1A8,0.000000000000000003
0xE44F5a49A6158D406c89a94e2C7f82461a9f25cc,0.000000000000000003
0xf360CcCAdaEA71F532B432C2Bfd63E71A8130d2F,0.000000000000000003
0x31bb7e81b7089a5b1080Fd946C14EeeAB56bD9c7,0.000000000000000003
0xa2DdBBBE9C49fe0169C35F1060D9be51016aB3EE,0.000000000000000003
0x2401bEa42484aF64ad00Fdf7E90F6404053b6c32,0.000000000000000003
0xBb9B3bdF4ea48A22404A99414544c82F10C8E9Ab,0.000000000000000003
0x7ceF2b2af229162715b650580f0Ca395C56BA034,0.000000000000000003
0xae0300F816c0Ab456D39705bA10B32c601E8E9Af,0.000000000000000003
0xe2F4467F116c3e83593C027dBf0e1F8F7f81E44e,0.000000000000000003
0xe2340dc81FC036780A3AC51854D9B88a3e43dC5D,0.000000000000000003
0x3caec673d3EFcb2397F6263eed9572e9B18eF189,0.000000000000000003
0xb6Cb646322fFf9433FD82c957D6bB5D2A3997a72,0.000000000000000003
0x488DDee575771b0B5B7D1EA75468Ef1416D689f0,0.000000000000000003
0xd298C0240CB9BaF8CF364D98E8720cEFB3315E96,0.000000000000000003
0xe1aC09566BF527E107307c100aA23058aD5a7315,0.000000000000000003
0xD090D854093457b34deD71a3f218829F287E8944,0.000000000000000003
0x4B643bd705dbAC5cA1AFc20D96ceca4881b035B3,0.000000000000000003
0x7dfb2ce916b34Ec4137E9A0fD48c4EF12F60a811,0.000000000000000003
0x51B020e5C7847cE2933fAaDF267266F2eeaD0a55,0.000000000000000003
0x442871949949950672487dba3c643CBA4e53250e,0.000000000000000003
